"name","phone_type","time0","timem1","timem2","timem3"
"Björn Grenkvist","BatPhone",39,39.0000000141922,39.0000000117304,39.0000000150986
"Björn Grenkvist","BatPhone",125,125.000000015621,125.00000001308,125.000000016635
"Björn Grenkvist","BatPhone",673,673.000000014763,673.000000012862,673.000000016071
"Björn Grenkvist","BatPhone",932,932.00000001538,932.000000012297,932.000000016046
"Björn Grenkvist","BatPhone",578,578.000000015781,578.000000011844,578.000000015974
"Björn Grenkvist","BatPhone",158,158.00000001669,158.000000013922,158.000000017664
"Björn Grenkvist","BatPhone",846,846.000000015176,846.00000001309,846.000000016417
"Björn Grenkvist","BatPhone",449,449.000000015816,449.000000013409,449.000000016928
"Björn Grenkvist","BatPhone",904,904.000000015012,904.00000001341,904.000000016523
"Björn Grenkvist","BatPhone",918,918.000000017177,918.000000012776,918.000000017212
"Björn Grenkvistgren","Nokia",305,305.000000014835,305.000000011406,305.000000015234
"Björn Grenkvistgren","Nokia",340,340.000000015559,340.000000012231,340.000000016097
"Björn Grenkvistgren","Nokia",251,251.000000014438,251.000000011323,251.00000001498
"Björn Grenkvistgren","Nokia",222,222.000000014261,222.000000011811,222.000000015183
"Björn Grenkvistgren","Nokia",535,535.000000015783,535.000000011795,535.000000015945
"Björn Grenkvistgren","Nokia",651,651.000000017007,651.000000013925,651.00000001782
"Björn Grenkvistgren","Nokia",193,193.000000016067,193.000000013071,193.000000016852
"Björn Grenkvistgren","Nokia",120,120.000000015233,120.000000012085,120.000000015845
"Björn Grenkvistgren","Nokia",416,416.000000015514,416.00000001306,416.00000001657
"Björn Grenkvistgren","Nokia",261,261.000000015235,261.000000012347,261.000000016003
"Björn Hempel","BatPhone",709,709.000000015925,709.0000000137,709.000000017155
"Björn Hempel","BatPhone",179,179.000000015101,179.000000013196,179.000000016441
"Björn Hempel","BatPhone",256,256.00000001698,256.000000012859,256.000000017169
"Björn Hempel","BatPhone",664,664.000000017533,664.00000001423,664.000000018254
"Björn Hempel","BatPhone",768,768.000000014842,768.000000012163,768.000000015694
"Björn Hempel","BatPhone",257,257.000000016504,257.000000011766,257.000000016279
"Björn Hempel","BatPhone",654,654.000000014678,654.000000011471,654.000000015193
"Björn Hempel","BatPhone",262,262.000000015951,262.000000011973,262.000000016135
"Björn Hempel","BatPhone",652,652.00000001499,652.000000012088,652.000000015724
"Björn Hempel","BatPhone",306,306.000000015935,306.000000012134,306.000000016225
"Björn Iglesias","iPhone",51,51.0000000157344,51.0000000126237,51.0000000164194
"Björn Iglesias","iPhone",491,491.000000014917,491.000000013585,491.000000016578
"Björn Iglesias","iPhone",433,433.000000015746,433.000000012159,433.000000016147
"Björn Iglesias","iPhone",930,930.00000001596,930.000000012458,930.000000016432
"Björn Iglesias","iPhone",678,678.000000014424,678.000000011433,678.000000015039
"Björn Iglesias","iPhone",325,325.000000015121,325.000000011484,325.000000015427
"Björn Iglesias","iPhone",278,278.000000016655,278.000000011845,278.000000016399
"Björn Iglesias","iPhone",903,903.000000014603,903.000000011294,903.000000015047
"Björn Iglesias","iPhone",451,451.00000001448,451.000000012695,451.000000015826
"Björn Iglesias","iPhone",976,976.000000015756,976.000000012784,976.000000016526
"Björn Jonasson","iPhone",302,302.00000001664,302.000000012404,302.000000016731
"Björn Jonasson","iPhone",960,960.000000015036,960.000000013474,960.000000016573
"Björn Jonasson","iPhone",67,67.0000000159977,67.0000000140649,67.0000000174066
"Björn Jonasson","iPhone",722,722.000000015111,722.000000011338,722.000000015333
"Björn Jonasson","iPhone",29,29.0000000159036,29.0000000120708,29.0000000161712
"Björn Jonasson","iPhone",535,535.000000015382,535.000000013402,535.000000016706
"Björn Jonasson","iPhone",264,264.000000016816,264.000000014325,264.000000017964
"Björn Jonasson","iPhone",162,162.000000016864,162.000000012795,162.000000017074
"Björn Jonasson","iPhone",381,381.000000015428,381.000000013595,381.000000016844
"Björn Jonasson","iPhone",512,512.000000016049,512.000000012147,512.000000016289
"Björn Kvistgren","iPhone",803,803.000000015205,803.000000013473,803.000000016659
"Björn Kvistgren","iPhone",876,876.000000017168,876.000000014223,876.000000018075
"Björn Kvistgren","iPhone",363,363.000000015329,363.000000013479,363.000000016725
"Björn Kvistgren","iPhone",488,488.000000015998,488.000000014035,488.000000017389
"Björn Kvistgren","iPhone",227,227.000000013868,227.000000010984,227.000000014477
"Björn Kvistgren","iPhone",438,438.000000015841,438.000000012008,438.000000016103
"Björn Kvistgren","iPhone",31,31.0000000142436,31.0000000121082,31.0000000153526
"Björn Kvistgren","iPhone",664,664.000000016478,664.000000011961,664.000000016385
"Björn Kvistgren","iPhone",233,233.000000015995,233.000000013826,233.000000017265
"Björn Kvistgren","iPhone",745,745.000000014897,745.000000011128,745.000000015098
"Björn Larsson","Nokia",710,710.0000000165,710.000000013798,710.000000017498
"Björn Larsson","Nokia",600,600.000000015194,600.000000012221,600.000000015907
"Björn Larsson","Nokia",42,42.0000000164914,42.0000000126262,42.0000000167932
"Björn Larsson","Nokia",8,8.00000001429642,8.00000001109836,8.00000001477089
"Björn Larsson","Nokia",354,354.000000014281,354.000000011572,354.000000015049
"Björn Larsson","Nokia",834,834.000000014431,834.000000011275,834.000000014947
"Björn Larsson","Nokia",596,596.000000014731,596.000000011756,596.000000015392
"Björn Larsson","Nokia",71,71.0000000153202,71.0000000113403,71.0000000154399
"Björn Larsson","Nokia",537,537.000000015289,537.000000013443,537.000000016684
"Björn Larsson","Nokia",417,417.000000015576,417.000000011691,417.00000001578
"Björn Moss","Android",954,954.000000016807,954.000000013287,954.000000017343
"Björn Moss","Android",417,417.000000014817,417.000000013197,417.000000016298
"Björn Moss","Android",732,732.000000016059,732.000000012028,732.000000016222
"Björn Moss","Android",561,561.000000015811,561.000000012595,561.00000001644
"Björn Moss","Android",887,887.000000014353,887.000000011783,887.000000015214
"Björn Moss","Android",518,518.000000016048,518.000000013188,518.000000016912
"Björn Moss","Android",27,27.000000015385,27.0000000122961,27.0000000160484
"Björn Moss","Android",657,657.000000015383,657.000000013009,657.000000016473
"Björn Moss","Android",436,436.000000015528,436.000000011735,436.000000015783
"Björn Moss","Android",444,444.000000016062,444.000000013658,444.000000017198
"Björn Nilsson","Nokia",848,848.000000015132,848.000000012828,848.000000016239
"Björn Nilsson","Nokia",368,368.000000016885,368.00000001222,368.000000016737
"Björn Nilsson","Nokia",350,350.000000014957,350.000000013076,350.000000016297
"Björn Nilsson","Nokia",398,398.000000014853,398.000000013034,398.000000016219
"Björn Nilsson","Nokia",635,635.000000016683,635.000000012934,635.000000017071
"Björn Nilsson","Nokia",957,957.000000015759,957.000000011699,957.000000015875
"Björn Nilsson","Nokia",792,792.000000015422,792.000000013689,792.000000016896
"Björn Nilsson","Nokia",10,10.0000000165973,10.0000000120316,10.0000000164849
"Björn Nilsson","Nokia",757,757.000000014906,757.000000012087,757.000000015681
"Björn Nilsson","Nokia",295,295.000000015828,295.00000001226,295.000000016248
"Björn Numanovic","Android",757,757.000000015294,757.000000012811,757.00000001631
"Björn Numanovic","Android",92,92.0000000165373,92.0000000118723,92.0000000163593
"Björn Numanovic","Android",672,672.000000015004,672.000000011545,672.000000015404
"Björn Numanovic","Android",958,958.000000014638,958.000000013008,958.000000016094
"Björn Numanovic","Android",878,878.0000000147,878.000000011279,878.000000015088
"Björn Numanovic","Android",843,843.000000015148,843.000000013678,843.000000016751
"Björn Numanovic","Android",628,628.000000014494,628.000000012222,628.00000001555
"Björn Numanovic","Android",422,422.000000016675,422.000000011866,422.000000016421
"Björn Numanovic","Android",699,699.000000016893,699.000000011969,699.000000016587
"Björn Numanovic","Android",896,896.000000014149,896.000000010795,896.00000001451
"Björn Wayne","Android",956,956.000000015351,956.000000011567,956.000000015592
"Björn Wayne","Android",334,334.000000017089,334.000000014227,334.000000018039
"Björn Wayne","Android",875,875.000000016361,875.000000013408,875.000000017197
"Björn Wayne","Android",911,911.000000014072,911.00000001161,911.000000014964
"Björn Wayne","Android",901,901.000000014433,901.000000012022,901.000000015399
"Björn Wayne","Android",672,672.000000017206,672.000000013236,672.000000017503
"Björn Wayne","Android",69,69.0000000171026,69.000000014152,69.0000000180013
"Björn Wayne","Android",524,524.000000015271,524.00000001305,524.000000016441
"Björn Wayne","Android",935,935.000000016379,935.000000013362,935.000000017179
"Björn Wayne","Android",557,557.0000000157,557.000000011677,557.000000015833
"Bror Grenkvist","Android",886,886.000000015829,886.000000014012,886.000000017291
"Bror Grenkvist","Android",251,251.000000016745,251.000000013336,251.000000017342
"Bror Grenkvist","Android",447,447.000000016584,447.000000012006,447.000000016463
"Bror Grenkvist","Android",79,79.000000014945,79.000000011647,79.0000000154357
"Bror Grenkvist","Android",464,464.000000015282,464.000000011852,464.00000001573
"Bror Grenkvist","Android",486,486.00000001653,486.000000012972,486.000000017019
"Bror Grenkvist","Android",418,418.000000014174,418.000000010782,418.000000014515
"Bror Grenkvist","Android",797,797.000000014735,797.00000001328,797.000000016305
"Bror Grenkvist","Android",82,82.0000000174851,82.0000000142797,82.0000000182614
"Bror Grenkvist","Android",610,610.000000016954,610.000000013248,610.00000001739
"Bror Grenkvistgren","iPhone",278,278.00000001587,278.000000013192,278.000000016826
"Bror Grenkvistgren","iPhone",798,798.000000016991,798.000000012908,798.000000017203
"Bror Grenkvistgren","iPhone",573,573.00000001512,573.000000012192,573.000000015852
"Bror Grenkvistgren","iPhone",516,516.000000016845,516.000000012373,516.00000001681
"Bror Grenkvistgren","iPhone",62,62.0000000141552,62.0000000114099,62.0000000148859
"Bror Grenkvistgren","iPhone",97,97.0000000174847,97.0000000142707,97.0000000182558
"Bror Grenkvistgren","iPhone",55,55.0000000173912,55.000000014299,55.0000000182278
"Bror Grenkvistgren","iPhone",127,127.000000017173,127.00000001412,127.000000018016
"Bror Grenkvistgren","iPhone",561,561.000000015381,561.000000013777,561.000000016927
"Bror Grenkvistgren","iPhone",557,557.000000016705,557.000000011935,557.000000016478
"Bror Hempel","Android",169,169.000000014726,169.000000011048,169.000000014962
"Bror Hempel","Android",214,214.000000017328,214.000000014391,214.000000018252
"Bror Hempel","Android",540,540.000000017277,540.000000013568,540.000000017737
"Bror Hempel","Android",990,990.000000015092,990.000000012513,990.00000001603
"Bror Hempel","Android",667,667.000000016025,667.000000011892,667.000000016123
"Bror Hempel","Android",718,718.000000016582,718.000000012112,718.000000016526
"Bror Hempel","Android",467,467.000000014767,467.000000011023,467.000000014968
"Bror Hempel","Android",555,555.000000014453,555.000000012644,555.000000015782
"Bror Hempel","Android",459,459.000000014688,459.000000011154,459.000000015007
"Bror Hempel","Android",226,226.000000015736,226.00000001236,226.000000016262
"Bror Iglesias","BatPhone",637,637.000000017389,637.000000014471,637.000000018329
"Bror Iglesias","BatPhone",87,87.0000000164012,87.0000000135424,87.0000000172972
"Bror Iglesias","BatPhone",169,169.000000015452,169.00000001143,169.00000001556
"Bror Iglesias","BatPhone",103,103.000000016978,103.000000014161,103.000000017946
"Bror Iglesias","BatPhone",638,638.000000016191,638.000000012367,638.000000016491
"Bror Iglesias","BatPhone",204,204.000000016098,204.000000011956,204.000000016197
"Bror Iglesias","BatPhone",784,784.000000016945,784.000000013605,784.000000017599
"Bror Iglesias","BatPhone",909,909.000000016993,909.0000000129,909.0000000172
"Bror Iglesias","BatPhone",367,367.000000014425,367.00000001217,367.000000015484
"Bror Iglesias","BatPhone",376,376.000000015962,376.000000013922,376.000000017304
"Bror Jonasson","BatPhone",500,500.000000015517,500.000000012853,500.000000016448
"Bror Jonasson","BatPhone",310,310.000000016323,310.000000014096,310.000000017586
"Bror Jonasson","BatPhone",205,205.000000016012,205.000000012388,205.000000016416
"Bror Jonasson","BatPhone",851,851.000000017641,851.000000014195,851.000000018285
"Bror Jonasson","BatPhone",825,825.000000015728,825.000000012873,825.000000016565
"Bror Jonasson","BatPhone",338,338.000000014443,338.000000012358,338.000000015605
"Bror Jonasson","BatPhone",780,780.000000016247,780.000000011692,780.00000001611
"Bror Jonasson","BatPhone",586,586.000000016992,586.000000012729,586.000000017096
"Bror Jonasson","BatPhone",12,12.0000000166857,12.0000000140836,12.0000000177578
"Bror Jonasson","BatPhone",492,492.000000015088,492.000000012891,492.000000016254
"Bror Kvistgren","BatPhone",118,118.000000014985,118.00000001125,118.000000015216
"Bror Kvistgren","BatPhone",950,950.000000015886,950.000000012182,950.000000016229
"Bror Kvistgren","BatPhone",340,340.000000016036,340.000000011731,340.000000016031
"Bror Kvistgren","BatPhone",427,427.000000015093,427.000000011374,427.000000015346
"Bror Kvistgren","BatPhone",228,228.000000017085,228.000000012798,228.000000017182
"Bror Kvistgren","BatPhone",633,633.000000015866,633.000000013775,633.00000001717
"Bror Kvistgren","BatPhone",809,809.000000015704,809.000000013157,809.000000016723
"Bror Kvistgren","BatPhone",296,296.000000015347,296.000000012883,296.00000001638
"Bror Kvistgren","BatPhone",498,498.000000015621,498.000000013519,498.000000016896
"Bror Kvistgren","BatPhone",616,616.000000017195,616.000000013812,616.000000017844
"Bror Larsson","iPhone",342,342.00000001525,342.000000012463,342.000000016081
"Bror Larsson","iPhone",930,930.000000014257,930.000000011333,930.000000014893
"Bror Larsson","iPhone",850,850.000000015333,850.000000011493,850.000000015539
"Bror Larsson","iPhone",767,767.000000015304,767.000000013706,767.000000016847
"Bror Larsson","iPhone",159,159.000000015327,159.000000011618,159.000000015611
"Bror Larsson","iPhone",669,669.000000016585,669.000000013048,669.000000017092
"Bror Larsson","iPhone",270,270.000000014172,270.000000011269,270.00000001481
"Bror Larsson","iPhone",117,117.000000016034,117.000000013486,117.000000017082
"Bror Larsson","iPhone",68,68.0000000155048,68.0000000116673,68.0000000157299
"Bror Larsson","iPhone",465,465.000000016352,465.00000001264,465.000000016734
"Bror Moss","Nokia",485,485.000000014259,485.000000011714,485.000000015124
"Bror Moss","Nokia",128,128.00000001729,128.000000013451,128.000000017673
"Bror Moss","Nokia",152,152.000000015707,152.000000011699,152.00000001585
"Bror Moss","Nokia",739,739.000000016713,739.000000012179,739.00000001663
"Bror Moss","Nokia",421,421.000000017017,421.000000013681,421.00000001768
"Bror Moss","Nokia",124,124.000000017684,124.000000014581,124.000000018536
"Bror Moss","Nokia",314,314.000000016224,314.000000013899,314.000000017421
"Bror Moss","Nokia",4,4.00000001430609,4.00000001217312,4.00000001542393
"Bror Moss","Nokia",141,141.000000016929,141.000000012186,141.000000016736
"Bror Moss","Nokia",179,179.000000014354,179.000000011061,179.000000014778
"Bror Nilsson","iPhone",720,720.000000016624,720.000000013802,720.000000017561
"Bror Nilsson","iPhone",265,265.000000015106,265.000000013503,265.000000016626
"Bror Nilsson","iPhone",18,18.0000000140207,18.0000000112921,18.0000000147444
"Bror Nilsson","iPhone",838,838.000000015711,838.000000013751,838.000000017078
"Bror Nilsson","iPhone",258,258.00000001674,258.000000012861,258.000000017055
"Bror Nilsson","iPhone",13,13.0000000151776,13.0000000135935,13.0000000167159
"Bror Nilsson","iPhone",861,861.000000015179,861.000000012986,861.000000016357
"Bror Nilsson","iPhone",215,215.000000014447,215.000000012638,215.000000015775
"Bror Nilsson","iPhone",939,939.000000014029,939.00000001087,939.000000014493
"Bror Nilsson","iPhone",172,172.00000001677,172.000000014075,172.000000017794
"Bror Numanovic","Nokia",537,537.000000016435,537.000000011998,537.000000016386
"Bror Numanovic","Nokia",421,421.000000015915,421.000000011591,421.000000015887
"Bror Numanovic","Nokia",483,483.000000016777,483.00000001276,483.000000017012
"Bror Numanovic","Nokia",920,920.000000014124,920.00000001174,920.000000015069
"Bror Numanovic","Nokia",274,274.000000015091,274.000000011529,274.000000015439
"Bror Numanovic","Nokia",887,887.000000015742,887.000000013135,887.000000016729
"Bror Numanovic","Nokia",629,629.000000014846,629.000000011162,629.000000015092
"Bror Numanovic","Nokia",691,691.000000016883,691.000000013021,691.00000001722
"Bror Numanovic","Nokia",68,68.000000014492,68.00000001128,68.000000014982
"Bror Numanovic","Nokia",424,424.000000016145,424.000000014044,424.000000017468
"Bror Wayne","Nokia",405,405.000000014755,405.000000010931,405.000000014906
"Bror Wayne","Nokia",69,69.0000000153765,69.0000000124831,69.0000000161561
"Bror Wayne","Nokia",994,994.000000015615,994.000000011656,994.000000015778
"Bror Wayne","Nokia",518,518.000000015496,518.00000001204,518.00000001595
"Bror Wayne","Nokia",503,503.000000016312,503.000000013109,503.000000016995
"Bror Wayne","Nokia",357,357.0000000142,357.00000001122,357.000000014795
"Bror Wayne","Nokia",863,863.000000017357,863.000000014022,863.000000018047
"Bror Wayne","Nokia",477,477.00000001468,477.000000011147,477.000000014999
"Bror Wayne","Nokia",17,17.0000000159932,17.000000012281,17.0000000163419
"Bror Wayne","Nokia",746,746.000000015669,746.000000013129,746.000000016688
"Carl Grenkvist","BatPhone",101,101.000000013947,101.000000011124,101.000000014604
"Carl Grenkvist","BatPhone",774,774.000000017142,774.000000014528,774.000000018243
"Carl Grenkvist","BatPhone",4,4.00000001434743,4.00000001217347,4.00000001544555
"Carl Grenkvist","BatPhone",546,546.000000015607,546.000000012193,546.000000016098
"Carl Grenkvist","BatPhone",348,348.000000015126,348.000000012783,348.000000016209
"Carl Grenkvist","BatPhone",58,58.0000000156294,58.0000000137449,58.0000000170336
"Carl Grenkvist","BatPhone",168,168.000000014931,168.000000012115,168.00000001571
"Carl Grenkvist","BatPhone",783,783.000000015093,783.000000011951,783.000000015694
"Carl Grenkvist","BatPhone",902,902.000000016533,902.000000013922,902.000000017587
"Carl Grenkvist","BatPhone",687,687.000000017006,687.000000014478,687.000000018147
"Carl Grenkvistgren","Nokia",864,864.000000016385,864.000000012564,864.000000016704
"Carl Grenkvistgren","Nokia",643,643.000000017157,643.00000001299,643.000000017332
"Carl Grenkvistgren","Nokia",210,210.000000016837,210.000000012287,210.000000016754
"Carl Grenkvistgren","Nokia",23,23.0000000149197,23.0000000129044,23.0000000161761
"Carl Grenkvistgren","Nokia",371,371.000000016966,371.000000013505,371.00000001755
"Carl Grenkvistgren","Nokia",782,782.000000014781,782.000000011161,782.000000015059
"Carl Grenkvistgren","Nokia",512,512.000000015673,512.000000013506,512.000000016914
"Carl Grenkvistgren","Nokia",50,50.0000000139205,50.0000000106984,50.0000000143315
"Carl Grenkvistgren","Nokia",436,436.000000016351,436.000000013575,436.000000017292
"Carl Grenkvistgren","Nokia",354,354.000000014439,354.000000011922,354.000000015342
"Carl Hempel","BatPhone",933,933.00000001514,933.000000011247,933.000000015293
"Carl Hempel","BatPhone",43,43.0000000157501,43.0000000113724,43.0000000156731
"Carl Hempel","BatPhone",535,535.000000017482,535.000000014688,535.000000018502
"Carl Hempel","BatPhone",280,280.000000017824,280.00000001474,280.000000018697
"Carl Hempel","BatPhone",748,748.00000001705,748.00000001228,748.000000016851
"Carl Hempel","BatPhone",815,815.000000014957,815.000000011218,815.000000015183
"Carl Hempel","BatPhone",296,296.000000015978,296.000000013293,296.00000001694
"Carl Hempel","BatPhone",184,184.000000015307,184.000000012082,184.000000015881
"Carl Hempel","BatPhone",737,737.000000017184,737.000000014262,737.000000018106
"Carl Hempel","BatPhone",50,50.0000000143244,50.0000000116728,50.0000000151326
"Carl Iglesias","iPhone",18,18.0000000147378,18.0000000126355,18.0000000159229
"Carl Iglesias","iPhone",578,578.000000017309,578.000000013323,578.000000017605
"Carl Iglesias","iPhone",971,971.000000014813,971.000000011622,971.000000015354
"Carl Iglesias","iPhone",7,7.0000000166064,7.00000001410869,7.00000001773378
"Carl Iglesias","iPhone",871,871.000000016917,871.000000013735,871.000000017664
"Carl Iglesias","iPhone",439,439.000000015643,439.000000013687,439.000000017006
"Carl Iglesias","iPhone",437,437.000000016348,437.00000001291,437.000000016894
"Carl Iglesias","iPhone",975,975.000000017056,975.000000013101,975.000000017351
"Carl Iglesias","iPhone",463,463.000000015587,463.000000013692,463.000000016981
"Carl Iglesias","iPhone",526,526.000000015862,526.000000013196,526.000000016824
"Carl Jonasson","iPhone",433,433.000000014168,433.000000010858,433.000000014558
"Carl Jonasson","iPhone",347,347.000000015821,347.0000000116,347.000000015846
"Carl Jonasson","iPhone",951,951.000000014238,951.000000011663,951.000000015082
"Carl Jonasson","iPhone",960,960.00000001418,960.00000001115,960.000000014742
"Carl Jonasson","iPhone",100,100.000000016693,100.00000001246,100.00000001679
"Carl Jonasson","iPhone",171,171.000000016432,171.000000012201,171.000000016508
"Carl Jonasson","iPhone",224,224.000000016426,224.00000001182,224.000000016274
"Carl Jonasson","iPhone",747,747.000000015444,747.000000011816,747.000000015789
"Carl Jonasson","iPhone",771,771.000000017414,771.000000014601,771.000000018417
"Carl Jonasson","iPhone",27,27.0000000150314,27.0000000125187,27.0000000160029
"Carl Kvistgren","iPhone",600,600.000000014819,600.000000011282,600.000000015151
"Carl Kvistgren","iPhone",171,171.000000016257,171.000000011816,171.00000001619
"Carl Kvistgren","iPhone",803,803.000000015098,803.000000011911,803.000000015672
"Carl Kvistgren","iPhone",360,360.000000015119,360.000000011784,360.000000015607
"Carl Kvistgren","iPhone",252,252.000000016529,252.000000013561,252.000000017371
"Carl Kvistgren","iPhone",14,14.0000000163734,14.0000000126037,14.0000000167222
"Carl Kvistgren","iPhone",509,509.000000015354,509.000000011543,509.00000001558
"Carl Kvistgren","iPhone",994,994.000000017393,994.000000013618,994.000000017822
"Carl Kvistgren","iPhone",702,702.000000015419,702.000000012459,702.000000016163
"Carl Kvistgren","iPhone",499,499.000000015449,499.000000013048,499.00000001653
"Carl Larsson","Nokia",422,422.000000015524,422.000000012706,422.000000016364
"Carl Larsson","Nokia",545,545.00000001698,545.000000013593,545.000000017609
"Carl Larsson","Nokia",652,652.000000015415,652.000000012525,652.000000016201
"Carl Larsson","Nokia",237,237.000000016486,237.000000012358,237.000000016629
"Carl Larsson","Nokia",224,224.000000015979,224.000000012491,224.000000016461
"Carl Larsson","Nokia",989,989.000000016253,989.000000013228,989.000000017037
"Carl Larsson","Nokia",740,740.000000014852,740.000000011543,740.000000015325
"Carl Larsson","Nokia",702,702.000000014845,702.000000012586,702.000000015949
"Carl Larsson","Nokia",996,996.000000015013,996.000000013037,996.000000016303
"Carl Larsson","Nokia",264,264.000000014629,264.00000001232,264.000000015678
"Carl Moss","Android",254,254.00000001559,254.000000013276,254.000000016736
"Carl Moss","Android",59,59.0000000163165,59.0000000124703,59.0000000166142
"Carl Moss","Android",586,586.000000016653,586.000000013275,586.000000017261
"Carl Moss","Android",271,271.000000016939,271.000000013875,271.000000017757
"Carl Moss","Android",433,433.000000016327,433.000000013328,433.000000017133
"Carl Moss","Android",615,615.00000001482,615.000000011383,615.000000015212
"Carl Moss","Android",977,977.000000017117,977.000000012796,977.000000017195
"Carl Moss","Android",323,323.000000016412,323.000000012594,323.000000016735
"Carl Moss","Android",445,445.00000001609,445.00000001161,445.000000015984
"Carl Moss","Android",815,815.000000016247,815.000000013021,815.000000016911
"Carl Nilsson","Nokia",418,418.000000015156,418.000000012285,418.000000015926
"Carl Nilsson","Nokia",550,550.000000015089,550.00000001358,550.000000016663
"Carl Nilsson","Nokia",275,275.000000014195,275.000000010944,275.000000014625
"Carl Nilsson","Nokia",102,102.000000014598,102.000000011279,102.000000015036
"Carl Nilsson","Nokia",127,127.000000015389,127.000000013177,127.000000016576
"Carl Nilsson","Nokia",151,151.000000014586,151.00000001194,151.000000015428
"Carl Nilsson","Nokia",444,444.00000001693,444.000000013204,444.000000017352
"Carl Nilsson","Nokia",844,844.0000000148,844.000000012637,844.000000015956
"Carl Nilsson","Nokia",499,499.000000014789,499.000000013361,499.000000016381
"Carl Nilsson","Nokia",210,210.000000015532,210.000000013501,210.000000016841
"Carl Numanovic","Android",132,132.000000016133,132.000000013515,132.000000017149
"Carl Numanovic","Android",337,337.000000016199,337.000000012547,337.000000016603
"Carl Numanovic","Android",682,682.000000015445,682.000000012349,682.000000016111
"Carl Numanovic","Android",863,863.000000015064,863.000000012822,863.000000016201
"Carl Numanovic","Android",725,725.000000015369,725.000000011268,725.000000015421
"Carl Numanovic","Android",471,471.000000015018,471.000000012694,471.000000016101
"Carl Numanovic","Android",418,418.000000015854,418.000000012792,418.000000016579
"Carl Numanovic","Android",169,169.000000017249,169.000000013033,169.000000017402
"Carl Numanovic","Android",45,45.0000000157179,45.0000000135739,45.0000000169769
"Carl Numanovic","Android",801,801.000000015779,801.000000012448,801.000000016336
"Carl Wayne","Android",946,946.000000017224,946.000000013652,946.000000017762
"Carl Wayne","Android",176,176.000000016015,176.00000001358,176.000000017129
"Carl Wayne","Android",617,617.000000015939,617.000000012229,617.000000016284
"Carl Wayne","Android",5,5.00000001510914,5.000000011884,5.00000001566172
"Carl Wayne","Android",518,518.000000015939,518.00000001241,518.000000016393
"Carl Wayne","Android",181,181.000000014595,181.00000001223,181.000000015607
"Carl Wayne","Android",202,202.000000015159,202.000000011814,202.000000015645
"Carl Wayne","Android",211,211.000000014648,211.00000001229,211.00000001567
"Carl Wayne","Android",947,947.000000015536,947.000000011825,947.000000015841
"Carl Wayne","Android",364,364.000000014425,364.000000011129,364.000000014856
"Claes Grenkvist","iPhone",138,138.000000014769,138.000000013005,138.000000016159
"Claes Grenkvist","iPhone",766,766.000000014902,766.000000013675,766.000000016623
"Claes Grenkvist","iPhone",55,55.0000000149413,55.0000000125458,55.0000000159733
"Claes Grenkvist","iPhone",517,517.000000016582,517.000000012728,517.000000016899
"Claes Grenkvist","iPhone",150,150.000000016742,150.000000013091,150.000000017194
"Claes Grenkvist","iPhone",406,406.00000001691,406.000000012144,406.000000016703
"Claes Grenkvist","iPhone",573,573.000000016709,573.000000011873,573.000000016442
"Claes Grenkvist","iPhone",997,997.000000016049,997.000000013438,997.000000017062
"Claes Grenkvist","iPhone",276,276.000000015174,276.000000011661,276.00000001556
"Claes Grenkvist","iPhone",838,838.000000016372,838.000000013751,838.000000017407
"Claes Grenkvistgren","Android",668,668.000000017107,668.000000013666,668.000000017714
"Claes Grenkvistgren","Android",570,570.000000016834,570.000000012133,570.000000016659
"Claes Grenkvistgren","Android",230,230.00000001506,230.000000011313,230.000000015292
"Claes Grenkvistgren","Android",345,345.000000015425,345.000000012566,345.00000001623
"Claes Grenkvistgren","Android",478,478.000000014506,478.000000011619,478.000000015194
"Claes Grenkvistgren","Android",726,726.000000016004,726.00000001387,726.000000017295
"Claes Grenkvistgren","Android",634,634.000000014227,634.000000011968,634.00000001526
"Claes Grenkvistgren","Android",442,442.000000014612,442.000000011036,442.000000014896
"Claes Grenkvistgren","Android",368,368.000000014724,368.000000012222,368.000000015668
"Claes Grenkvistgren","Android",698,698.0000000161,698.00000001309,698.000000016879
"Claes Hempel","iPhone",36,36.0000000156192,36.0000000116314,36.0000000157652
"Claes Hempel","iPhone",979,979.000000014462,979.0000000125,979.0000000157
"Claes Hempel","iPhone",228,228.000000014303,228.000000011393,228.000000014953
"Claes Hempel","iPhone",110,110.000000014844,110.000000011536,110.000000015317
"Claes Hempel","iPhone",110,110.000000016982,110.000000012319,110.000000016843
"Claes Hempel","iPhone",451,451.000000017131,451.000000013733,451.000000017766
"Claes Hempel","iPhone",928,928.000000014759,928.000000011619,928.000000015324
"Claes Hempel","iPhone",923,923.000000014799,923.000000010934,923.00000001493
"Claes Hempel","iPhone",387,387.000000016836,387.000000012721,387.000000017016
"Claes Hempel","iPhone",923,923.00000001676,923.000000012282,923.000000016714
"Claes Iglesias","Nokia",499,499.000000016884,499.000000012392,499.000000016841
"Claes Iglesias","Nokia",768,768.000000016704,768.00000001249,768.000000016814
"Claes Iglesias","Nokia",145,145.000000016557,145.000000011799,145.000000016324
"Claes Iglesias","Nokia",7,7.00000001417254,7.00000001177749,7.00000001511679
"Claes Iglesias","Nokia",266,266.000000015903,266.000000012381,266.000000016357
"Claes Iglesias","Nokia",784,784.000000015011,784.000000011501,784.000000015381
"Claes Iglesias","Nokia",902,902.000000015314,902.000000011428,902.00000001549
"Claes Iglesias","Nokia",227,227.00000001614,227.000000012027,227.000000016261
"Claes Iglesias","Nokia",275,275.000000014289,275.00000001184,275.000000015215
"Claes Iglesias","Nokia",902,902.000000017528,902.000000014041,902.00000001814
"Claes Jonasson","Nokia",291,291.000000015655,291.000000012967,291.000000016585
"Claes Jonasson","Nokia",626,626.000000016651,626.000000013748,626.000000017542
"Claes Jonasson","Nokia",589,589.000000017147,589.000000012764,589.000000017191
"Claes Jonasson","Nokia",829,829.000000015653,829.000000013537,829.000000016922
"Claes Jonasson","Nokia",715,715.000000015088,715.00000001339,715.00000001655
"Claes Jonasson","Nokia",419,419.000000016358,419.000000013871,419.000000017471
"Claes Jonasson","Nokia",961,961.000000015756,961.000000012024,961.00000001607
"Claes Jonasson","Nokia",878,878.00000001519,878.000000012088,878.000000015825
"Claes Jonasson","Nokia",173,173.000000015991,173.000000012154,173.000000016264
"Claes Jonasson","Nokia",657,657.000000017223,657.000000013743,657.000000017816
"Claes Kvistgren","Nokia",105,105.000000016417,105.000000011804,105.00000001626
"Claes Kvistgren","Nokia",301,301.00000001503,301.000000012564,301.000000016029
"Claes Kvistgren","Nokia",16,16.0000000161578,16.0000000116702,16.0000000160534
"Claes Kvistgren","Nokia",556,556.000000014335,556.000000012079,556.000000015383
"Claes Kvistgren","Nokia",575,575.000000016164,575.000000012992,575.000000016852
"Claes Kvistgren","Nokia",26,26.000000015281,26.0000000115303,26.0000000155351
"Claes Kvistgren","Nokia",992,992.000000016612,992.000000013514,992.000000017383
"Claes Kvistgren","Nokia",356,356.000000015534,356.000000012157,356.00000001604
"Claes Kvistgren","Nokia",374,374.000000014388,374.00000001096,374.000000014734
"Claes Kvistgren","Nokia",555,555.000000014873,555.000000011777,555.000000015477
"Claes Larsson","Android",286,286.000000016216,286.000000012905,286.000000016826
"Claes Larsson","Android",123,123.000000015924,123.000000013004,123.000000016741
"Claes Larsson","Android",838,838.000000017263,838.000000013411,838.000000017636
"Claes Larsson","Android",565,565.000000015607,565.000000011678,565.000000015787
"Claes Larsson","Android",839,839.000000015249,839.000000013138,839.000000016482
"Claes Larsson","Android",637,637.00000001559,637.000000012239,637.000000016117
"Claes Larsson","Android",663,663.000000014368,663.000000010774,663.000000014611
"Claes Larsson","Android",541,541.000000016934,541.000000013156,541.000000017325
"Claes Larsson","Android",290,290.000000015899,290.000000013256,290.000000016879
"Claes Larsson","Android",63,63.0000000166073,63.0000000125254,63.0000000167885
"Claes Moss","BatPhone",675,675.000000016311,675.000000013955,675.000000017497
"Claes Moss","BatPhone",208,208.000000016351,208.000000013442,208.000000017212
"Claes Moss","BatPhone",674,674.000000017079,674.000000013026,674.000000017316
"Claes Moss","BatPhone",718,718.000000016405,718.000000013581,718.000000017322
"Claes Moss","BatPhone",588,588.0000000166,588.000000013407,588.000000017314
"Claes Moss","BatPhone",803,803.000000015219,803.000000011628,803.000000015563
"Claes Moss","BatPhone",219,219.000000017197,219.000000014104,219.000000018018
"Claes Moss","BatPhone",482,482.000000017122,482.000000013836,482.000000017823
"Claes Moss","BatPhone",327,327.000000015435,327.000000012065,327.000000015934
"Claes Moss","BatPhone",736,736.000000017345,736.000000013824,736.000000017923
"Claes Nilsson","Android",851,851.000000015755,851.000000012083,851.000000016105
"Claes Nilsson","Android",391,391.000000015133,391.000000012953,391.000000016313
"Claes Nilsson","Android",272,272.000000014906,272.00000001306,272.000000016262
"Claes Nilsson","Android",459,459.000000017844,459.000000014674,459.000000018667
"Claes Nilsson","Android",45,45.0000000170465,45.0000000141517,45.000000017974
"Claes Nilsson","Android",857,857.000000016495,857.000000012937,857.000000016981
"Claes Nilsson","Android",580,580.000000016881,580.000000012932,580.000000017165
"Claes Nilsson","Android",835,835.000000015658,835.000000013714,835.000000017029
"Claes Nilsson","Android",476,476.000000015272,476.000000011745,476.00000001566
"Claes Nilsson","Android",149,149.000000016837,149.000000013699,149.000000017603
"Claes Numanovic","BatPhone",599,599.00000001667,599.000000013349,599.000000017313
"Claes Numanovic","BatPhone",225,225.000000015659,225.000000013383,225.000000016834
"Claes Numanovic","BatPhone",338,338.000000017035,338.000000013092,338.000000017335
"Claes Numanovic","BatPhone",859,859.000000015208,859.000000012283,859.000000015951
"Claes Numanovic","BatPhone",729,729.00000001482,729.000000011365,729.000000015202
"Claes Numanovic","BatPhone",428,428.000000015484,428.00000001322,428.000000016649
"Claes Numanovic","BatPhone",953,953.00000001612,953.000000012855,953.000000016749
"Claes Numanovic","BatPhone",592,592.000000014457,592.000000010836,592.000000014695
"Claes Numanovic","BatPhone",349,349.000000016148,349.000000011664,349.000000016045
"Claes Numanovic","BatPhone",237,237.000000016306,237.000000012778,237.000000016794
"Claes Wayne","BatPhone",930,930.000000016963,930.000000013152,930.000000017337
"Claes Wayne","BatPhone",35,35.000000017452,35.0000000144868,35.0000000183684
"Claes Wayne","BatPhone",77,77.000000015321,77.0000000112731,77.0000000153997
"Claes Wayne","BatPhone",256,256.000000014707,256.000000012985,256.000000016115
"Claes Wayne","BatPhone",533,533.000000016946,533.000000014023,533.000000017849
"Claes Wayne","BatPhone",455,455.000000016333,455.00000001311,455.000000017006
"Claes Wayne","BatPhone",270,270.00000001451,270.000000012513,270.000000015733
"Claes Wayne","BatPhone",914,914.000000016819,914.00000001429,914.000000017945
"Claes Wayne","BatPhone",680,680.000000014385,680.000000011463,680.000000015037
"Claes Wayne","BatPhone",781,781.000000015111,781.000000013495,781.000000016624
"Jonas Grenkvist","Android",839,839.000000016362,839.000000013738,839.000000017394
"Jonas Grenkvist","Android",550,550.000000015682,550.000000012423,550.000000016274
"Jonas Grenkvist","Android",736,736.000000016571,736.000000013099,736.000000017116
"Jonas Grenkvist","Android",19,19.0000000162768,19.0000000119365,19.0000000162726
"Jonas Grenkvist","Android",61,61.0000000162279,61.0000000137083,61.0000000173102
"Jonas Grenkvist","Android",785,785.00000001482,785.000000011418,785.000000015233
"Jonas Grenkvist","Android",480,480.000000017038,480.000000014043,480.000000017905
"Jonas Grenkvist","Android",535,535.000000016455,535.000000012961,535.000000016976
"Jonas Grenkvist","Android",988,988.00000001555,988.000000012403,988.000000016195
"Jonas Grenkvist","Android",41,41.0000000148227,41.0000000126268,41.0000000159612
"Jonas Grenkvistgren","iPhone",873,873.000000014897,873.000000012446,873.000000015891
"Jonas Grenkvistgren","iPhone",43,43.0000000165674,43.0000000138581,43.0000000175662
"Jonas Grenkvistgren","iPhone",697,697.000000016663,697.000000013915,697.000000017647
"Jonas Grenkvistgren","iPhone",578,578.000000015417,578.000000013838,578.000000016982
"Jonas Grenkvistgren","iPhone",730,730.000000015819,730.000000011987,730.000000016079
"Jonas Grenkvistgren","iPhone",447,447.000000016945,447.000000013979,447.000000017822
"Jonas Grenkvistgren","iPhone",551,551.000000015711,551.000000013829,551.000000017124
"Jonas Grenkvistgren","iPhone",967,967.000000014918,967.000000011824,967.000000015528
"Jonas Grenkvistgren","iPhone",928,928.000000014193,928.00000001093,928.000000014615
"Jonas Grenkvistgren","iPhone",863,863.000000016165,863.000000013533,863.000000017175
"Jonas Hempel","Android",903,903.000000015496,903.000000013409,903.000000016768
"Jonas Hempel","Android",316,316.000000014199,316.000000011659,316.000000015059
"Jonas Hempel","Android",898,898.000000015052,898.000000012738,898.000000016144
"Jonas Hempel","Android",661,661.000000013988,661.000000010929,661.000000014508
"Jonas Hempel","Android",354,354.000000015269,354.000000011705,354.000000015635
"Jonas Hempel","Android",310,310.000000016641,310.000000012575,310.000000016834
"Jonas Hempel","Android",112,112.000000014948,112.000000013652,112.000000016634
"Jonas Hempel","Android",411,411.000000015972,411.000000011651,411.000000015951
"Jonas Hempel","Android",367,367.000000014697,367.000000011119,367.00000001499
"Jonas Hempel","Android",127,127.000000016823,127.000000013343,127.000000017384
"Jonas Iglesias","BatPhone",769,769.000000015649,769.000000011711,769.000000015828
"Jonas Iglesias","BatPhone",335,335.000000013866,335.000000010826,335.000000014381
"Jonas Iglesias","BatPhone",652,652.00000001581,652.000000011788,652.000000015954
"Jonas Iglesias","BatPhone",637,637.000000016726,637.000000013904,637.000000017671
"Jonas Iglesias","BatPhone",236,236.000000015418,236.000000012294,236.000000016064
"Jonas Iglesias","BatPhone",880,880.00000001464,880.000000011459,880.000000015166
"Jonas Iglesias","BatPhone",526,526.000000014572,526.000000011361,526.000000015073
"Jonas Iglesias","BatPhone",826,826.000000014812,826.000000011354,826.000000015191
"Jonas Iglesias","BatPhone",375,375.000000017122,375.000000013843,375.000000017827
"Jonas Iglesias","BatPhone",118,118.000000015167,118.000000011562,118.000000015497
"Jonas Jonasson","BatPhone",213,213.000000015484,213.000000012358,213.000000016135
"Jonas Jonasson","BatPhone",704,704.000000016063,704.000000013838,704.000000017305
"Jonas Jonasson","BatPhone",896,896.00000001695,896.000000014206,896.000000017959
"Jonas Jonasson","BatPhone",977,977.000000016508,977.000000012863,977.000000016943
"Jonas Jonasson","BatPhone",135,135.000000017509,135.000000014325,135.0000000183
"Jonas Jonasson","BatPhone",135,135.000000016647,135.000000013339,135.000000017296
"Jonas Jonasson","BatPhone",676,676.000000016948,676.000000012072,676.000000016676
"Jonas Jonasson","BatPhone",783,783.000000017273,783.000000013482,783.000000017683
"Jonas Jonasson","BatPhone",624,624.000000017191,624.000000012949,624.000000017323
"Jonas Jonasson","BatPhone",744,744.000000015638,744.000000012592,744.000000016352
"Jonas Kvistgren","BatPhone",956,956.000000016023,956.000000012268,956.000000016349
"Jonas Kvistgren","BatPhone",998,998.000000015657,998.000000012769,998.000000016468
"Jonas Kvistgren","BatPhone",413,413.000000015645,413.000000011602,413.00000001576
"Jonas Kvistgren","BatPhone",785,785.000000014593,785.000000011973,785.000000015452
"Jonas Kvistgren","BatPhone",151,151.000000015961,151.000000013281,151.000000016925
"Jonas Kvistgren","BatPhone",358,358.000000016521,358.000000014011,358.000000017634
"Jonas Kvistgren","BatPhone",828,828.000000016922,828.000000013367,828.000000017446
"Jonas Kvistgren","BatPhone",275,275.000000015549,275.000000013868,275.000000017066
"Jonas Kvistgren","BatPhone",356,356.000000016908,356.000000013776,356.000000017684
"Jonas Kvistgren","BatPhone",142,142.000000016453,142.000000013959,142.00000001757
"Jonas Larsson","iPhone",439,439.000000016859,439.000000013057,439.00000001723
"Jonas Larsson","iPhone",397,397.000000017062,397.000000012944,397.000000017259
"Jonas Larsson","iPhone",627,627.000000014746,627.000000011725,627.000000015381
"Jonas Larsson","iPhone",454,454.000000016439,454.000000013775,454.000000017454
"Jonas Larsson","iPhone",307,307.000000015597,307.000000013099,307.000000016635
"Jonas Larsson","iPhone",573,573.000000016205,573.00000001365,573.000000017265
"Jonas Larsson","iPhone",253,253.000000015274,253.000000013582,253.000000016758
"Jonas Larsson","iPhone",396,396.000000015553,396.000000012864,396.000000016472
"Jonas Larsson","iPhone",344,344.000000014893,344.000000012817,344.000000016111
"Jonas Larsson","iPhone",713,713.000000015847,713.000000011787,713.000000015972
"Jonas Moss","Nokia",568,568.000000014849,568.000000012162,568.000000015697
"Jonas Moss","Nokia",413,413.000000014946,413.000000011252,413.000000015198
"Jonas Moss","Nokia",379,379.000000016734,379.000000012839,379.000000017038
"Jonas Moss","Nokia",104,104.000000015852,104.000000012773,104.000000016567
"Jonas Moss","Nokia",453,453.000000017175,453.000000014314,453.000000018132
"Jonas Moss","Nokia",293,293.000000015255,293.000000011773,293.000000015668
"Jonas Moss","Nokia",365,365.000000015808,365.000000012706,365.000000016505
"Jonas Moss","Nokia",772,772.000000014381,772.000000010828,772.000000014651
"Jonas Moss","Nokia",540,540.000000014904,540.00000001151,540.000000015332
"Jonas Moss","Nokia",510,510.000000015835,510.000000013608,510.000000017056
"Jonas Nilsson","iPhone",801,801.000000015219,801.000000013438,801.000000016645
"Jonas Nilsson","iPhone",49,49.0000000156603,49.0000000118459,49.0000000159151
"Jonas Nilsson","iPhone",927,927.000000017025,927.000000012675,927.000000017079
"Jonas Nilsson","iPhone",741,741.000000015872,741.000000012629,741.000000016491
"Jonas Nilsson","iPhone",580,580.000000017069,580.000000013303,580.000000017478
"Jonas Nilsson","iPhone",991,991.000000014509,991.000000012112,991.000000015492
"Jonas Nilsson","iPhone",261,261.000000015826,261.00000001391,261.00000001723
"Jonas Nilsson","iPhone",886,886.000000015229,886.000000012924,886.000000016345
"Jonas Nilsson","iPhone",207,207.000000015935,207.00000001178,207.000000016011
"Jonas Nilsson","iPhone",416,416.000000015188,416.000000013121,416.000000016441
"Jonas Numanovic","Nokia",120,120.000000015397,120.000000012474,120.000000016161
"Jonas Numanovic","Nokia",961,961.000000016973,961.000000012412,961.000000016895
"Jonas Numanovic","Nokia",313,313.00000001415,313.00000001132,313.000000014829
"Jonas Numanovic","Nokia",234,234.000000015932,234.000000013728,234.000000017175
"Jonas Numanovic","Nokia",807,807.000000015606,807.000000012013,807.000000015989
"Jonas Numanovic","Nokia",438,438.000000014352,438.000000010945,438.000000014707
"Jonas Numanovic","Nokia",506,506.000000017128,506.00000001276,506.000000017179
"Jonas Numanovic","Nokia",716,716.000000017314,716.000000013348,716.000000017622
"Jonas Numanovic","Nokia",912,912.000000016702,912.000000012991,912.000000017114
"Jonas Numanovic","Nokia",814,814.00000001733,814.000000013744,814.000000017867
"Jonas Wayne","Nokia",332,332.000000016567,332.000000012045,332.000000016478
"Jonas Wayne","Nokia",789,789.000000014285,789.000000011381,789.000000014936
"Jonas Wayne","Nokia",482,482.000000016724,482.000000013656,482.000000017523
"Jonas Wayne","Nokia",419,419.000000015717,419.000000012532,419.000000016356
"Jonas Wayne","Nokia",414,414.0000000153,414.000000012503,414.00000001613
"Jonas Wayne","Nokia",863,863.000000017196,863.00000001437,863.000000018176
"Jonas Wayne","Nokia",494,494.000000014896,494.000000011924,494.000000015578
"Jonas Wayne","Nokia",77,77.0000000153482,77.0000000121633,77.0000000159501
"Jonas Wayne","Nokia",285,285.000000017103,285.0000000126,285.00000001707
"Jonas Wayne","Nokia",24,24.0000000158424,24.0000000116693,24.0000000158985
"Kerim Grenkvist","Android",303,303.000000013895,303.000000010878,303.000000014427
"Kerim Grenkvist","Android",478,478.00000001656,478.000000013001,478.000000017052
"Kerim Grenkvist","Android",873,873.000000016782,873.000000013606,873.000000017521
"Kerim Grenkvist","Android",390,390.000000016199,390.000000012052,390.000000016305
"Kerim Grenkvist","Android",968,968.000000017855,968.000000014679,968.000000018675
"Kerim Grenkvist","Android",227,227.000000016439,227.000000011862,227.000000016306
"Kerim Grenkvist","Android",722,722.000000014941,722.000000011956,722.00000001562
"Kerim Grenkvist","Android",771,771.000000015131,771.000000012359,771.000000015958
"Kerim Grenkvist","Android",101,101.000000015702,101.000000012198,101.000000016148
"Kerim Grenkvist","Android",266,266.000000016594,266.000000013217,266.000000017197
"Kerim Grenkvistgren","iPhone",371,371.000000015603,371.000000012172,371.000000016083
"Kerim Grenkvistgren","iPhone",723,723.000000015293,723.000000011678,723.00000001563
"Kerim Grenkvistgren","iPhone",858,858.000000014259,858.000000011554,858.000000015027
"Kerim Grenkvistgren","iPhone",477,477.000000014884,477.000000011473,477.0000000153
"Kerim Grenkvistgren","iPhone",423,423.000000014757,423.0000000117,423.000000015372
"Kerim Grenkvistgren","iPhone",635,635.000000014393,635.000000011795,635.000000015242
"Kerim Grenkvistgren","iPhone",565,565.000000015666,565.00000001347,565.000000016889
"Kerim Grenkvistgren","iPhone",187,187.00000001729,187.000000014586,187.000000018349
"Kerim Grenkvistgren","iPhone",859,859.000000017095,859.000000013196,859.000000017427
"Kerim Grenkvistgren","iPhone",163,163.000000015196,163.000000011547,163.000000015503
"Kerim Hempel","Android",666,666.000000016825,666.000000014239,666.000000017918
"Kerim Hempel","Android",576,576.000000014843,576.000000011099,576.000000015053
"Kerim Hempel","Android",653,653.000000015065,653.00000001304,653.000000016331
"Kerim Hempel","Android",19,19.0000000153696,19.0000000111847,19.0000000153704
"Kerim Hempel","Android",668,668.000000017529,668.000000014604,668.000000018475
"Kerim Hempel","Android",729,729.000000016516,729.000000013061,729.000000017066
"Kerim Hempel","Android",959,959.000000016107,959.000000011806,959.000000016111
"Kerim Hempel","Android",469,469.000000015662,469.000000011735,469.000000015849
"Kerim Hempel","Android",960,960.000000016892,960.000000013904,960.000000017752
"Kerim Hempel","Android",403,403.000000015233,403.000000012932,403.000000016352
"Kerim Iglesias","BatPhone",658,658.000000015004,658.000000012008,658.000000015683
"Kerim Iglesias","BatPhone",767,767.000000015214,767.000000013668,767.000000016778
"Kerim Iglesias","BatPhone",118,118.000000015133,118.000000011675,118.000000015548
"Kerim Iglesias","BatPhone",681,681.000000015185,681.000000011166,681.000000015267
"Kerim Iglesias","BatPhone",967,967.000000014963,967.000000013736,967.000000016691
"Kerim Iglesias","BatPhone",183,183.000000014669,183.000000013086,183.000000016156
"Kerim Iglesias","BatPhone",455,455.000000015965,455.000000013149,455.000000016848
"Kerim Iglesias","BatPhone",370,370.000000014876,370.000000011304,370.000000015194
"Kerim Iglesias","BatPhone",934,934.000000017767,934.00000001468,934.000000018634
"Kerim Iglesias","BatPhone",74,74.0000000159109,74.0000000140533,74.0000000173565
"Kerim Jonasson","BatPhone",960,960.000000016955,960.000000013059,960.000000017277
"Kerim Jonasson","BatPhone",611,611.000000016496,611.000000013987,611.000000017607
"Kerim Jonasson","BatPhone",496,496.000000014288,496.000000011034,496.000000014728
"Kerim Jonasson","BatPhone",866,866.0000000178,866.000000014739,866.000000018685
"Kerim Jonasson","BatPhone",383,383.000000016029,383.000000012258,383.000000016345
"Kerim Jonasson","BatPhone",281,281.000000017171,281.000000014218,281.000000018074
"Kerim Jonasson","BatPhone",127,127.00000001692,127.000000013676,127.000000017629
"Kerim Jonasson","BatPhone",871,871.000000016679,871.00000001362,871.000000017479
"Kerim Jonasson","BatPhone",281,281.000000014476,281.000000011681,281.000000015216
"Kerim Jonasson","BatPhone",54,54.0000000170648,54.0000000140966,54.0000000179502
"Kerim Kvistgren","BatPhone",255,255.000000014094,255.000000011386,255.00000001484
"Kerim Kvistgren","BatPhone",658,658.000000016709,658.000000012448,658.000000016791
"Kerim Kvistgren","BatPhone",797,797.000000016617,797.000000013911,797.000000017621
"Kerim Kvistgren","BatPhone",665,665.000000016148,665.000000013351,665.000000017059
"Kerim Kvistgren","BatPhone",926,926.000000015753,926.00000001305,926.000000016683
"Kerim Kvistgren","BatPhone",601,601.000000016315,601.00000001297,601.000000016913
"Kerim Kvistgren","BatPhone",506,506.000000014764,506.000000012343,506.000000015761
"Kerim Kvistgren","BatPhone",267,267.000000016194,267.000000012844,267.000000016779
"Kerim Kvistgren","BatPhone",373,373.00000001531,373.000000011725,373.000000015667
"Kerim Kvistgren","BatPhone",78,78.0000000157508,78.0000000123018,78.0000000162346
"Kerim Larsson","iPhone",730,730.000000016358,730.000000013563,730.000000017288
"Kerim Larsson","iPhone",844,844.000000016655,844.000000013693,844.000000017511
"Kerim Larsson","iPhone",246,246.000000017841,246.00000001485,246.00000001877
"Kerim Larsson","iPhone",912,912.000000017582,912.000000014602,912.0000000185
"Kerim Larsson","iPhone",725,725.000000016886,725.000000012656,725.000000017001
"Kerim Larsson","iPhone",149,149.000000017131,149.000000013076,149.000000017372
"Kerim Larsson","iPhone",583,583.000000015669,583.000000011543,583.000000015736
"Kerim Larsson","iPhone",8,8.00000001542433,8.00000001163314,8.00000001566912
"Kerim Larsson","iPhone",76,76.0000000164471,76.0000000129944,76.0000000169926
"Kerim Larsson","iPhone",474,474.000000016124,474.000000013043,474.000000016863
"Kerim Moss","Nokia",945,945.000000016187,945.000000012324,945.000000016463
"Kerim Moss","Nokia",432,432.00000001682,432.000000013687,432.000000017588
"Kerim Moss","Nokia",185,185.000000015731,185.000000012703,185.000000016465
"Kerim Moss","Nokia",627,627.000000015757,627.000000012723,627.00000001649
"Kerim Moss","Nokia",665,665.000000016494,665.000000012039,665.00000001644
"Kerim Moss","Nokia",780,780.000000015649,780.000000012848,780.000000016511
"Kerim Moss","Nokia",683,683.000000016655,683.000000013201,683.000000017217
"Kerim Moss","Nokia",149,149.000000016097,149.000000012352,149.000000016436
"Kerim Moss","Nokia",982,982.000000014733,982.000000011636,982.000000015321
"Kerim Moss","Nokia",462,462.00000001558,462.000000013939,462.000000017123
"Kerim Nilsson","iPhone",970,970.000000015722,970.000000012328,970.000000016236
"Kerim Nilsson","iPhone",662,662.000000016048,662.000000013729,662.000000017233
"Kerim Nilsson","iPhone",720,720.000000016611,720.000000013812,720.00000001756
"Kerim Nilsson","iPhone",998,998.000000015035,998.000000012122,998.000000015767
"Kerim Nilsson","iPhone",666,666.000000015183,666.000000012938,666.00000001633
"Kerim Nilsson","iPhone",663,663.000000017597,663.000000014259,663.000000018302
"Kerim Nilsson","iPhone",659,659.000000015873,659.000000012671,659.000000016516
"Kerim Nilsson","iPhone",496,496.000000015101,496.000000013164,496.000000016423
"Kerim Nilsson","iPhone",313,313.000000015441,313.000000011933,313.000000015858
"Kerim Nilsson","iPhone",202,202.000000013998,202.000000010684,202.000000014364
"Kerim Numanovic","Nokia",808,808.000000016654,808.000000013635,808.000000017476
"Kerim Numanovic","Nokia",986,986.000000015114,986.000000011984,986.000000015724
"Kerim Numanovic","Nokia",899,899.000000016147,899.000000013701,899.000000017266
"Kerim Numanovic","Nokia",119,119.000000014895,119.000000012522,119.000000015935
"Kerim Numanovic","Nokia",84,84.0000000160557,84.0000000121735,84.0000000163078
"Kerim Numanovic","Nokia",874,874.000000016753,874.000000013701,874.000000017564
"Kerim Numanovic","Nokia",892,892.000000015128,892.000000011346,892.000000015347
"Kerim Numanovic","Nokia",111,111.000000017254,111.000000014153,111.000000018075
"Kerim Numanovic","Nokia",578,578.000000014957,578.000000013384,578.00000001648
"Kerim Numanovic","Nokia",764,764.000000016462,764.000000011844,764.000000016306
"Kerim Wayne","Nokia",373,373.000000016892,373.000000013727,373.000000017647
"Kerim Wayne","Nokia",419,419.000000017104,419.000000013626,419.000000017688
"Kerim Wayne","Nokia",467,467.000000015993,467.000000013468,467.000000017051
"Kerim Wayne","Nokia",328,328.000000015508,328.000000011347,328.000000015538
"Kerim Wayne","Nokia",208,208.000000014289,208.000000011588,208.000000015063
"Kerim Wayne","Nokia",604,604.000000015313,604.000000011238,604.000000015374
"Kerim Wayne","Nokia",711,711.000000014274,711.000000010867,711.000000014619
"Kerim Wayne","Nokia",239,239.000000015359,239.000000011795,239.000000015734
"Kerim Wayne","Nokia",329,329.000000016736,329.000000011892,329.000000016466
"Kerim Wayne","Nokia",782,782.000000017121,782.000000014004,782.000000017922
"Lena Grenkvist","Nokia",992,992.00000001739,992.000000013982,992.000000018038
"Lena Grenkvist","Nokia",849,849.000000014155,849.00000001123,849.000000014777
"Lena Grenkvist","Nokia",298,298.00000001689,298.00000001342,298.000000017462
"Lena Grenkvist","Nokia",916,916.000000017214,916.000000013573,916.00000001771
"Lena Grenkvist","Nokia",310,310.000000016358,310.000000013815,310.000000017438
"Lena Grenkvist","Nokia",343,343.000000015533,343.000000011308,343.000000015526
"Lena Grenkvist","Nokia",933,933.000000017309,933.000000014047,933.000000018038
"Lena Grenkvist","Nokia",474,474.000000015775,474.000000012129,474.000000016143
"Lena Grenkvist","Nokia",89,89.0000000146032,89.0000000109599,89.0000000148455
"Lena Grenkvist","Nokia",779,779.000000015996,779.000000012883,779.000000016704
"Lena Grenkvistgren","BatPhone",606,606.000000017189,606.000000014446,606.000000018218
"Lena Grenkvistgren","BatPhone",472,472.0000000162,472.000000013882,472.000000017399
"Lena Grenkvistgren","BatPhone",111,111.000000015162,111.000000012068,111.000000015799
"Lena Grenkvistgren","BatPhone",565,565.000000017234,565.000000013821,565.000000017868
"Lena Grenkvistgren","BatPhone",634,634.000000015055,634.000000011971,634.000000015687
"Lena Grenkvistgren","BatPhone",842,842.000000015797,842.000000012517,842.000000016387
"Lena Grenkvistgren","BatPhone",403,403.000000014787,403.000000011964,403.000000015546
"Lena Grenkvistgren","BatPhone",957,957.000000016148,957.000000014048,957.000000017472
"Lena Grenkvistgren","BatPhone",440,440.000000015266,440.000000013285,440.000000016578
"Lena Grenkvistgren","BatPhone",993,993.000000016387,993.00000001364,993.000000017348
"Lena Hempel","Nokia",694,694.000000014094,694.000000010817,694.000000014495
"Lena Hempel","Nokia",360,360.000000016344,360.000000012395,360.000000016582
"Lena Hempel","Nokia",745,745.000000016866,745.000000012982,745.000000017188
"Lena Hempel","Nokia",688,688.000000017181,688.000000013996,688.000000017947
"Lena Hempel","Nokia",368,368.000000014613,368.000000011216,368.000000015006
"Lena Hempel","Nokia",846,846.00000001751,846.000000014031,846.000000018125
"Lena Hempel","Nokia",873,873.000000015409,873.000000013417,873.000000016729
"Lena Hempel","Nokia",26,26.00000001553,26.000000013136,26.0000000166228
"Lena Hempel","Nokia",392,392.000000014833,392.00000001184,392.000000015494
"Lena Hempel","Nokia",95,95.0000000160382,95.0000000126023,95.0000000165571
"Lena Iglesias","Android",910,910.00000001665,910.00000001289,910.000000017028
"Lena Iglesias","Android",359,359.00000001592,359.000000012438,359.000000016401
"Lena Iglesias","Android",72,72.0000000150549,72.0000000127423,72.0000000161484
"Lena Iglesias","Android",822,822.000000014868,822.000000012217,822.000000015739
"Lena Iglesias","Android",279,279.000000015366,279.000000011744,279.000000015707
"Lena Iglesias","Android",3,3.00000001707995,3.0000000143314,3.00000001809669
"Lena Iglesias","Android",553,553.000000014954,553.000000012111,553.000000015719
"Lena Iglesias","Android",470,470.000000014551,470.000000011271,470.000000015007
"Lena Iglesias","Android",638,638.000000015376,638.000000012518,638.000000016177
"Lena Iglesias","Android",450,450.000000017818,450.000000014687,450.000000018663
"Lena Jonasson","Android",947,947.00000001513,947.000000012996,947.000000016338
"Lena Jonasson","Android",496,496.00000001471,496.000000012085,496.000000015579
"Lena Jonasson","Android",161,161.000000016601,161.000000012497,161.000000016769
"Lena Jonasson","Android",646,646.00000001508,646.000000011618,646.000000015487
"Lena Jonasson","Android",51,51.0000000172775,51.0000000135363,51.000000017718
"Lena Jonasson","Android",495,495.000000016418,495.000000011979,495.000000016367
"Lena Jonasson","Android",987,987.000000016719,987.000000012682,987.000000016937
"Lena Jonasson","Android",425,425.000000017175,425.000000012852,425.000000017257
"Lena Jonasson","Android",366,366.000000014341,366.000000012158,366.000000015433
"Lena Jonasson","Android",348,348.000000015544,348.000000013391,348.000000016781
"Lena Kvistgren","Android",974,974.000000015584,974.000000013469,974.000000016848
"Lena Kvistgren","Android",280,280.000000015063,280.000000011142,280.00000001519
"Lena Kvistgren","Android",595,595.000000017587,595.000000014032,595.000000018162
"Lena Kvistgren","Android",374,374.00000001534,374.000000011421,374.000000015499
"Lena Kvistgren","Android",458,458.000000016049,458.000000011899,458.000000016139
"Lena Kvistgren","Android",830,830.000000016324,830.000000013088,830.000000016989
"Lena Kvistgren","Android",786,786.000000014457,786.000000011034,786.000000014815
"Lena Kvistgren","Android",178,178.000000015624,178.00000001141,178.000000015634
"Lena Kvistgren","Android",181,181.000000017047,181.000000012986,181.000000017277
"Lena Kvistgren","Android",467,467.000000014545,467.000000012359,467.000000015659
"Lena Larsson","BatPhone",341,341.000000013979,341.000000010811,341.000000014431
"Lena Larsson","BatPhone",462,462.000000017121,462.000000012811,462.000000017207
"Lena Larsson","BatPhone",185,185.00000001671,185.000000012658,185.000000016917
"Lena Larsson","BatPhone",190,190.00000001612,190.000000011853,190.000000016146
"Lena Larsson","BatPhone",901,901.000000015746,901.000000011885,901.000000015981
"Lena Larsson","BatPhone",956,956.000000015671,956.000000012784,956.000000016484
"Lena Larsson","BatPhone",124,124.000000015541,124.000000013519,124.000000016856
"Lena Larsson","BatPhone",765,765.000000014943,765.000000013041,765.000000016269
"Lena Larsson","BatPhone",832,832.00000001693,832.000000013117,832.0000000173
"Lena Larsson","BatPhone",942,942.000000017268,942.000000013958,942.000000017965
"Lena Moss","iPhone",691,691.000000016461,691.000000013786,691.000000017472
"Lena Moss","iPhone",968,968.000000014791,968.000000011349,968.000000015177
"Lena Moss","iPhone",629,629.000000014327,629.000000012134,629.000000015411
"Lena Moss","iPhone",17,17.0000000154397,17.0000000127071,17.0000000163219
"Lena Moss","iPhone",562,562.000000016662,562.000000013137,562.000000017183
"Lena Moss","iPhone",36,36.0000000166175,36.0000000120175,36.000000016486
"Lena Moss","iPhone",294,294.000000016618,294.000000013487,294.000000017371
"Lena Moss","iPhone",859,859.000000016927,859.000000012282,859.000000016794
"Lena Moss","iPhone",733,733.000000014235,733.000000011911,733.00000001523
"Lena Moss","iPhone",635,635.000000014262,635.000000011993,635.000000015293
"Lena Nilsson","BatPhone",108,108.000000016884,108.000000013436,108.000000017469
"Lena Nilsson","BatPhone",705,705.000000017498,705.000000014441,705.000000018363
"Lena Nilsson","BatPhone",336,336.000000016653,336.000000012908,336.000000017041
"Lena Nilsson","BatPhone",550,550.000000016305,550.000000013517,550.000000017235
"Lena Nilsson","BatPhone",308,308.000000016691,308.000000013485,308.000000017405
"Lena Nilsson","BatPhone",479,479.000000014594,479.000000013008,479.000000016071
"Lena Nilsson","BatPhone",751,751.000000014201,751.000000011385,751.000000014895
"Lena Nilsson","BatPhone",302,302.000000014777,302.000000013203,302.000000016281
"Lena Nilsson","BatPhone",192,192.00000001637,192.000000012165,192.000000016456
"Lena Nilsson","BatPhone",478,478.000000016903,478.000000012455,478.000000016888
"Lena Numanovic","iPhone",194,194.000000015305,194.000000013327,194.000000016623
"Lena Numanovic","iPhone",405,405.000000015873,405.000000012891,405.000000016648
"Lena Numanovic","iPhone",465,465.000000016229,465.00000001302,465.000000016902
"Lena Numanovic","iPhone",846,846.000000014911,846.000000012769,846.000000016091
"Lena Numanovic","iPhone",898,898.000000017182,898.000000013956,898.000000017923
"Lena Numanovic","iPhone",253,253.00000001773,253.000000014726,253.000000018644
"Lena Numanovic","iPhone",221,221.000000017238,221.000000013654,221.000000017769
"Lena Numanovic","iPhone",196,196.000000015102,196.000000013067,196.000000016366
"Lena Numanovic","iPhone",3,3.00000001521171,3.00000001268565,3.00000001619409
"Lena Numanovic","iPhone",802,802.000000016323,802.000000013802,802.000000017413
"Lena Wayne","iPhone",625,625.000000014571,625.000000012579,625.000000015804
"Lena Wayne","iPhone",222,222.000000015258,222.000000011916,222.000000015756
"Lena Wayne","iPhone",623,623.000000014777,623.000000012546,623.000000015889
"Lena Wayne","iPhone",498,498.000000017643,498.00000001441,498.000000018415
"Lena Wayne","iPhone",168,168.000000015473,168.00000001293,168.000000016472
"Lena Wayne","iPhone",578,578.000000014214,578.000000011164,578.000000014767
"Lena Wayne","iPhone",654,654.000000015346,654.000000011709,654.000000015676
"Lena Wayne","iPhone",334,334.000000015351,334.000000011288,334.000000015424
"Lena Wayne","iPhone",171,171.000000017412,171.00000001389,171.000000017994
"Lena Wayne","iPhone",233,233.000000015534,233.000000012892,233.000000016479
"Maria Grenkvist","BatPhone",438,438.000000017504,438.000000014212,438.00000001823
"Maria Grenkvist","BatPhone",48,48.0000000166412,48.0000000129185,48.0000000170414
"Maria Grenkvist","BatPhone",248,248.000000017108,248.000000013505,248.000000017618
"Maria Grenkvist","BatPhone",336,336.000000014483,336.000000011861,336.000000015328
"Maria Grenkvist","BatPhone",86,86.0000000171684,86.0000000136,86.000000017704
"Maria Grenkvist","BatPhone",326,326.000000016359,326.00000001243,326.000000016611
"Maria Grenkvist","BatPhone",908,908.000000014878,908.000000011179,908.000000015119
"Maria Grenkvist","BatPhone",753,753.000000014726,753.000000011756,753.00000001539
"Maria Grenkvist","BatPhone",730,730.00000001709,730.000000013297,730.000000017484
"Maria Grenkvist","BatPhone",430,430.000000017435,430.000000013748,430.00000001792
"Maria Grenkvistgren","Nokia",708,708.000000016046,708.000000012632,708.000000016579
"Maria Grenkvistgren","Nokia",386,386.000000016987,386.000000013535,386.000000017578
"Maria Grenkvistgren","Nokia",145,145.000000015892,145.000000012359,145.000000016339
"Maria Grenkvistgren","Nokia",249,249.000000015635,249.000000012206,249.000000016119
"Maria Grenkvistgren","Nokia",344,344.000000017432,344.000000014086,344.00000001812
"Maria Grenkvistgren","Nokia",486,486.00000001632,486.000000012093,486.000000016388
"Maria Grenkvistgren","Nokia",813,813.000000014418,813.000000011568,813.000000015118
"Maria Grenkvistgren","Nokia",522,522.000000016024,522.000000013277,522.000000016953
"Maria Grenkvistgren","Nokia",424,424.000000015751,424.00000001343,424.000000016908
"Maria Grenkvistgren","Nokia",710,710.000000015714,710.000000012628,710.000000016412
"Maria Hempel","BatPhone",739,739.000000015505,739.0000000123,739.000000016111
"Maria Hempel","BatPhone",311,311.000000014672,311.00000001094,311.000000014869
"Maria Hempel","BatPhone",463,463.000000016338,463.000000013836,463.000000017441
"Maria Hempel","BatPhone",612,612.000000016794,612.000000013942,612.000000017727
"Maria Hempel","BatPhone",712,712.000000014834,712.000000013046,712.000000016216
"Maria Hempel","BatPhone",657,657.000000015893,657.00000001299,657.000000016717
"Maria Hempel","BatPhone",719,719.000000015452,719.000000011694,719.00000001572
"Maria Hempel","BatPhone",26,26.0000000175052,26.000000013973,26.000000018088
"Maria Hempel","BatPhone",906,906.000000017042,906.000000013963,906.00000001786
"Maria Hempel","BatPhone",769,769.000000017244,769.000000013276,769.000000017546
"Maria Iglesias","iPhone",551,551.000000015576,551.000000013006,551.000000016568
"Maria Iglesias","iPhone",590,590.000000015257,590.000000011276,590.000000015369
"Maria Iglesias","iPhone",830,830.000000015132,830.000000011168,830.000000015241
"Maria Iglesias","iPhone",976,976.000000015275,976.000000013724,976.000000016842
"Maria Iglesias","iPhone",36,36.0000000155745,36.0000000125874,36.0000000163179
"Maria Iglesias","iPhone",341,341.000000017093,341.000000012428,341.000000016961
"Maria Iglesias","iPhone",885,885.000000014854,885.000000011097,885.000000015057
"Maria Iglesias","iPhone",620,620.000000016158,620.000000011661,620.000000016048
"Maria Iglesias","iPhone",43,43.0000000168459,43.0000000131513,43.0000000172801
"Maria Iglesias","iPhone",194,194.00000001608,194.000000011556,194.000000015946
"Maria Jonasson","iPhone",960,960.000000016658,960.000000012366,960.000000016716
"Maria Jonasson","iPhone",619,619.000000015629,619.000000012189,619.000000016106
"Maria Jonasson","iPhone",358,358.000000015736,358.000000012438,358.000000016309
"Maria Jonasson","iPhone",180,180.000000014665,180.000000011772,180.000000015368
"Maria Jonasson","iPhone",669,669.000000016349,669.000000012647,669.000000016737
"Maria Jonasson","iPhone",435,435.000000016447,435.000000012162,435.000000016491
"Maria Jonasson","iPhone",62,62.0000000150768,62.0000000113086,62.0000000152982
"Maria Jonasson","iPhone",225,225.000000016406,225.000000011899,225.000000016312
"Maria Jonasson","iPhone",748,748.000000014909,748.000000011499,748.000000015328
"Maria Jonasson","iPhone",975,975.000000014371,975.000000012351,975.000000015564
"Maria Kvistgren","iPhone",325,325.000000014636,325.000000012612,325.000000015857
"Maria Kvistgren","iPhone",288,288.000000016088,288.000000012951,288.000000016791
"Maria Kvistgren","iPhone",382,382.000000015458,382.000000013285,382.000000016675
"Maria Kvistgren","iPhone",477,477.000000017493,477.000000014631,477.000000018474
"Maria Kvistgren","iPhone",481,481.000000015368,481.000000012821,481.000000016354
"Maria Kvistgren","iPhone",242,242.000000016053,242.000000013402,242.000000017042
"Maria Kvistgren","iPhone",414,414.000000016646,414.000000012497,414.00000001679
"Maria Kvistgren","iPhone",203,203.000000015456,203.000000011781,203.000000015774
"Maria Kvistgren","iPhone",58,58.0000000142958,58.0000000119595,58.0000000152904
"Maria Kvistgren","iPhone",769,769.000000015553,769.000000012867,769.000000016474
"Maria Larsson","Nokia",549,549.00000001563,549.000000013339,549.000000016794
"Maria Larsson","Nokia",333,333.00000001644,333.000000011839,333.000000016292
"Maria Larsson","Nokia",887,887.000000015057,887.000000011327,887.000000015299
"Maria Larsson","Nokia",911,911.000000015489,911.000000012001,911.000000015924
"Maria Larsson","Nokia",365,365.000000016314,365.000000013109,365.000000016996
"Maria Larsson","Nokia",200,200.000000014038,200.00000001116,200.000000014674
"Maria Larsson","Nokia",538,538.000000015309,538.000000011941,538.000000015797
"Maria Larsson","Nokia",19,19.0000000144005,19.0000000121367,19.000000015451
"Maria Larsson","Nokia",365,365.000000016307,365.000000012462,365.000000016604
"Maria Larsson","Nokia",941,941.000000016257,941.000000012817,941.000000016793
"Maria Moss","Android",95,95.0000000172075,95.0000000135968,95.0000000177208
"Maria Moss","Android",22,22.0000000150019,22.0000000130681,22.0000000163153
"Maria Moss","Android",145,145.000000014654,145.000000011905,145.000000015442
"Maria Moss","Android",278,278.000000016625,278.00000001429,278.00000001785
"Maria Moss","Android",180,180.000000015273,180.000000011514,180.000000015521
"Maria Moss","Android",452,452.000000017043,452.000000013494,452.00000001758
"Maria Moss","Android",405,405.000000013891,405.000000011025,405.000000014514
"Maria Moss","Android",290,290.000000016073,290.000000013632,290.000000017188
"Maria Moss","Android",10,10.0000000158807,10.0000000124442,10.0000000163845
"Maria Moss","Android",169,169.00000001697,169.000000013365,169.000000017468
"Maria Nilsson","Nokia",379,379.000000017153,379.000000013733,379.000000017776
"Maria Nilsson","Nokia",851,851.000000015715,851.000000012408,851.000000016281
"Maria Nilsson","Nokia",825,825.000000016038,825.000000012927,825.000000016751
"Maria Nilsson","Nokia",912,912.000000015419,912.000000013055,912.000000016519
"Maria Nilsson","Nokia",882,882.000000016529,882.000000012217,882.000000016565
"Maria Nilsson","Nokia",436,436.000000015626,436.000000013262,436.000000016746
"Maria Nilsson","Nokia",433,433.000000017181,433.000000014474,433.00000001823
"Maria Nilsson","Nokia",780,780.000000015275,780.000000013489,780.000000016704
"Maria Nilsson","Nokia",168,168.000000015376,168.000000013859,168.000000016973
"Maria Nilsson","Nokia",793,793.000000014614,793.000000012693,793.000000015894
"Maria Numanovic","Android",858,858.00000001652,858.000000012572,858.000000016774
"Maria Numanovic","Android",246,246.000000015144,246.000000013053,246.000000016378
"Maria Numanovic","Android",399,399.000000017209,399.000000013916,399.000000017912
"Maria Numanovic","Android",698,698.000000016791,698.000000012183,698.00000001667
"Maria Numanovic","Android",640,640.000000017805,640.000000014777,640.000000018709
"Maria Numanovic","Android",725,725.00000001563,725.000000011986,725.000000015985
"Maria Numanovic","Android",788,788.000000015742,788.000000011964,788.000000016027
"Maria Numanovic","Android",34,34.0000000161718,34.0000000126447,34.0000000166483
"Maria Numanovic","Android",752,752.000000016742,752.00000001395,752.000000017706
"Maria Numanovic","Android",534,534.000000017338,534.000000013617,534.000000017795
"Maria Wayne","Android",411,411.000000015923,411.00000001213,411.000000016216
"Maria Wayne","Android",809,809.000000016739,809.000000013169,809.000000017239
"Maria Wayne","Android",497,497.000000014447,497.000000011968,497.000000015373
"Maria Wayne","Android",254,254.000000015855,254.000000013125,254.000000016779
"Maria Wayne","Android",268,268.000000014763,268.00000001197,268.000000015537
"Maria Wayne","Android",430,430.000000015422,430.000000011416,430.000000015536
"Maria Wayne","Android",240,240.000000017068,240.000000012795,240.000000017172
"Maria Wayne","Android",613,613.000000015169,613.000000011493,613.000000015457
"Maria Wayne","Android",473,473.00000001476,473.000000011068,473.000000014991
"Maria Wayne","Android",761,761.00000001496,761.00000001172,761.000000015487
"Morritz Grenkvist","iPhone",300,300.000000014843,300.000000012601,300.000000015956
"Morritz Grenkvist","iPhone",386,386.00000001597,386.000000012868,386.000000016682
"Morritz Grenkvist","iPhone",490,490.000000014373,490.000000011432,490.000000015013
"Morritz Grenkvist","iPhone",415,415.000000016478,415.000000013311,415.000000017197
"Morritz Grenkvist","iPhone",634,634.000000017364,634.00000001337,634.00000001766
"Morritz Grenkvist","iPhone",580,580.000000016193,580.000000011647,580.000000016056
"Morritz Grenkvist","iPhone",838,838.000000015083,838.000000011557,838.000000015451
"Morritz Grenkvist","iPhone",608,608.000000017146,608.000000013462,608.000000017611
"Morritz Grenkvist","iPhone",605,605.000000013899,605.00000001079,605.000000014376
"Morritz Grenkvist","iPhone",108,108.000000017008,108.000000013309,108.000000017453
"Morritz Grenkvistgren","Android",227,227.000000014754,227.000000012155,227.000000015644
"Morritz Grenkvistgren","Android",411,411.000000017197,411.000000012832,411.000000017255
"Morritz Grenkvistgren","Android",353,353.000000017071,353.000000013141,353.000000017382
"Morritz Grenkvistgren","Android",796,796.000000016159,796.000000013817,796.000000017341
"Morritz Grenkvistgren","Android",735,735.000000015487,735.000000012297,735.0000000161
"Morritz Grenkvistgren","Android",84,84.0000000155668,84.0000000136029,84.0000000169182
"Morritz Grenkvistgren","Android",25,25.000000017659,25.0000000146683,25.0000000185754
"Morritz Grenkvistgren","Android",448,448.00000001465,448.000000010932,448.000000014853
"Morritz Grenkvistgren","Android",61,61.0000000158628,61.0000000139131,61.0000000172498
"Morritz Grenkvistgren","Android",292,292.000000015793,292.000000011894,292.00000001601
"Morritz Hempel","iPhone",529,529.000000013904,529.000000010682,529.000000014313
"Morritz Hempel","iPhone",465,465.000000015197,465.000000011132,465.000000015252
"Morritz Hempel","iPhone",955,955.000000014213,955.000000011239,955.000000014812
"Morritz Hempel","iPhone",77,77.000000016222,77.0000000137338,77.0000000173225
"Morritz Hempel","iPhone",325,325.000000015795,325.000000012311,325.000000016262
"Morritz Hempel","iPhone",552,552.000000014543,552.000000012787,552.000000015913
"Morritz Hempel","iPhone",11,11.0000000154608,11.0000000113074,11.0000000154903
"Morritz Hempel","iPhone",198,198.000000015418,198.000000012956,198.000000016459
"Morritz Hempel","iPhone",963,963.00000001615,963.000000013823,963.000000017339
"Morritz Hempel","iPhone",102,102.000000016898,102.000000012622,102.000000016987
"Morritz Hempel","iPhone",424,424.000000014838,424.000000013104,424.000000016253
"Morritz Iglesias","Nokia",391,391.000000017088,391.000000013356,391.000000017519
"Morritz Iglesias","Nokia",832,832.000000015218,832.000000011828,832.000000015683
"Morritz Iglesias","Nokia",392,392.000000014784,392.000000013196,392.00000001628
"Morritz Iglesias","Nokia",603,603.000000015637,603.000000011592,603.00000001575
"Morritz Iglesias","Nokia",862,862.000000016765,862.000000013388,862.000000017383
"Morritz Iglesias","Nokia",318,318.000000016268,318.000000013954,318.000000017476
"Morritz Iglesias","Nokia",554,554.000000015805,554.000000013827,554.00000001717
"Morritz Iglesias","Nokia",138,138.000000015181,138.0000000129,138.000000016306
"Morritz Iglesias","Nokia",417,417.000000016616,417.000000013956,417.000000017648
"Morritz Iglesias","Nokia",88,88.0000000170401,88.000000013095,88.0000000173395
"Morritz Jonasson","Nokia",417,417.000000017142,417.000000014361,417.000000018144
"Morritz Jonasson","Nokia",161,161.000000013795,161.000000010718,161.000000014277
"Morritz Jonasson","Nokia",907,907.000000016556,907.000000012303,907.000000016629
"Morritz Jonasson","Nokia",376,376.00000001747,376.000000014327,376.000000018282
"Morritz Jonasson","Nokia",616,616.000000016844,616.000000012579,616.000000016935
"Morritz Jonasson","Nokia",263,263.000000017467,263.000000014592,263.000000018438
"Morritz Jonasson","Nokia",524,524.000000016404,524.000000013407,524.000000017218
"Morritz Jonasson","Nokia",363,363.000000017721,363.000000014591,363.000000018559
"Morritz Jonasson","Nokia",273,273.000000014863,273.000000012567,273.000000015946
"Morritz Jonasson","Nokia",205,205.00000001486,205.000000012616,205.000000015974
"Morritz Kvistgren","Nokia",477,477.000000014623,477.000000012928,477.000000016038
"Morritz Kvistgren","Nokia",349,349.000000016305,349.000000013936,349.000000017483
"Morritz Kvistgren","Nokia",552,552.00000001661,552.000000012703,552.000000016897
"Morritz Kvistgren","Nokia",833,833.000000016838,833.000000012793,833.000000017061
"Morritz Kvistgren","Nokia",974,974.00000001663,974.000000013601,974.000000017444
"Morritz Kvistgren","Nokia",527,527.000000015249,527.00000001338,527.000000016626
"Morritz Kvistgren","Nokia",826,826.000000015957,826.000000013856,826.000000017263
"Morritz Kvistgren","Nokia",634,634.000000016855,634.000000013865,634.00000001771
"Morritz Kvistgren","Nokia",561,561.000000016159,561.000000014085,561.000000017499
"Morritz Kvistgren","Nokia",760,760.000000016614,760.000000012179,760.000000016582
"Morritz Larsson","Android",612,612.000000016751,612.000000013684,612.000000017553
"Morritz Larsson","Android",446,446.000000015276,446.000000011998,446.000000015815
"Morritz Larsson","Android",904,904.000000014294,904.000000011692,904.000000015128
"Morritz Larsson","Android",363,363.000000015191,363.000000012394,363.000000016009
"Morritz Larsson","Android",459,459.000000015033,459.000000012093,459.000000015749
"Morritz Larsson","Android",296,296.00000001497,296.000000012426,296.000000015916
"Morritz Larsson","Android",902,902.000000017116,902.000000014244,902.000000018062
"Morritz Larsson","Android",650,650.00000001611,650.000000013527,650.000000017144
"Morritz Larsson","Android",104,104.000000015679,104.000000011415,104.000000015664
"Morritz Larsson","Android",693,693.000000016298,693.000000011826,693.000000016216
"Morritz Moss","BatPhone",496,496.000000015579,496.00000001356,496.000000016899
"Morritz Moss","BatPhone",115,115.000000016237,115.000000013829,115.000000017386
"Morritz Moss","BatPhone",381,381.000000014253,381.000000011022,381.000000014702
"Morritz Moss","BatPhone",608,608.000000015085,608.000000011676,608.000000015524
"Morritz Moss","BatPhone",731,731.000000014697,731.000000011701,731.000000015341
"Morritz Moss","BatPhone",725,725.000000014784,725.000000012964,725.000000016142
"Morritz Moss","BatPhone",34,34.0000000142287,34.0000000115426,34.0000000150044
"Morritz Moss","BatPhone",954,954.00000001682,954.000000014003,954.000000017776
"Morritz Moss","BatPhone",790,790.000000016566,790.000000014155,790.000000017742
"Morritz Moss","BatPhone",935,935.000000014783,935.000000013129,935.00000001624
"Morritz Nilsson","Android",29,29.0000000160625,29.0000000115542,29.0000000159366
"Morritz Nilsson","Android",105,105.000000015024,105.000000011107,105.00000001515
"Morritz Nilsson","Android",323,323.000000016073,323.000000011651,323.000000016
"Morritz Nilsson","Android",847,847.000000016176,847.000000012074,847.000000016307
"Morritz Nilsson","Android",810,810.000000015592,810.000000012954,810.000000016546
"Morritz Nilsson","Android",262,262.00000001505,262.000000013479,262.000000016583
"Morritz Nilsson","Android",74,74.0000000155431,74.0000000131804,74.0000000166558
"Morritz Nilsson","Android",219,219.000000017214,219.000000012991,219.000000017359
"Morritz Nilsson","Android",563,563.000000016489,563.00000001368,563.000000017422
"Morritz Nilsson","Android",746,746.00000001615,746.000000011749,746.000000016098
"Morritz Numanovic","BatPhone",663,663.000000017189,663.000000013279,663.000000017521
"Morritz Numanovic","BatPhone",637,637.000000017324,637.000000014265,637.000000018175
"Morritz Numanovic","BatPhone",606,606.000000015023,606.000000012489,606.000000015981
"Morritz Numanovic","BatPhone",225,225.000000016291,225.000000011823,225.000000016211
"Morritz Numanovic","BatPhone",77,77.000000016914,77.0000000125631,77.0000000169584
"Morritz Numanovic","BatPhone",149,149.000000016296,149.000000011974,149.000000016305
"Morritz Numanovic","BatPhone",825,825.000000016277,825.000000012334,825.000000016513
"Morritz Numanovic","BatPhone",955,955.000000015149,955.000000012125,955.000000015826
"Morritz Numanovic","BatPhone",348,348.000000014783,348.000000013161,348.000000016259
"Morritz Numanovic","BatPhone",348,348.000000017018,348.000000014395,348.000000018104
"Morritz Wayne","BatPhone",163,163.000000013976,163.000000011124,163.000000014619
"Morritz Wayne","BatPhone",663,663.000000016346,663.000000013466,663.000000017224
"Morritz Wayne","BatPhone",156,156.000000015887,156.000000012939,156.000000016683
"Morritz Wayne","BatPhone",83,83.0000000149348,83.0000000117145,83.0000000154712
"Morritz Wayne","BatPhone",917,917.000000014959,917.000000012899,917.000000016193
"Morritz Wayne","BatPhone",841,841.000000016797,841.000000014379,841.000000017987
"Morritz Wayne","BatPhone",956,956.000000016294,956.000000014156,956.000000017608
"Morritz Wayne","BatPhone",420,420.000000015586,420.000000012654,420.000000016363
"Morritz Wayne","BatPhone",456,456.000000017412,456.000000013755,456.000000017913
"Morritz Wayne","BatPhone",197,197.000000014886,197.000000011067,197.000000015055
"Patrik Grenkvist","Nokia",980,980.000000015329,980.000000011432,980.0000000155
"Patrik Grenkvist","Nokia",187,187.000000014921,187.000000012873,187.000000016159
"Patrik Grenkvist","Nokia",711,711.00000001552,711.000000012495,711.000000016235
"Patrik Grenkvist","Nokia",675,675.000000017149,675.000000013143,675.00000001742
"Patrik Grenkvist","Nokia",365,365.000000016597,365.000000012374,365.000000016692
"Patrik Grenkvist","Nokia",992,992.000000017605,992.000000014233,992.000000018291
"Patrik Grenkvist","Nokia",76,76.0000000162113,76.000000014019,76.0000000174859
"Patrik Grenkvist","Nokia",755,755.00000001652,755.00000001424,755.000000017769
"Patrik Grenkvist","Nokia",887,887.000000016249,887.000000012745,887.000000016746
"Patrik Grenkvist","Nokia",603,603.000000015451,603.000000013208,603.000000016626
"Patrik Grenkvistgren","BatPhone",853,853.000000014358,853.000000011446,853.000000015013
"Patrik Grenkvistgren","BatPhone",644,644.000000016157,644.000000013753,644.000000017302
"Patrik Grenkvistgren","BatPhone",723,723.00000001622,723.000000011733,723.000000016122
"Patrik Grenkvistgren","BatPhone",844,844.000000015868,844.000000013503,844.00000001701
"Patrik Grenkvistgren","BatPhone",35,35.0000000156117,35.0000000125478,35.0000000163127
"Patrik Grenkvistgren","BatPhone",472,472.000000015557,472.000000012975,472.00000001654
"Patrik Grenkvistgren","BatPhone",580,580.000000015332,580.000000011448,580.000000015511
"Patrik Grenkvistgren","BatPhone",851,851.000000016777,851.000000012593,851.000000016911
"Patrik Grenkvistgren","BatPhone",625,625.00000001487,625.000000013526,625.000000016519
"Patrik Grenkvistgren","BatPhone",818,818.00000001732,818.000000014074,818.000000018059
"Patrik Hempel","Nokia",362,362.000000016739,362.000000013341,362.000000017342
"Patrik Hempel","Nokia",171,171.000000016872,171.000000012045,171.000000016624
"Patrik Hempel","Nokia",785,785.000000014096,785.000000010667,785.000000014404
"Patrik Hempel","Nokia",476,476.00000001505,476.000000013587,476.000000016647
"Patrik Hempel","Nokia",263,263.000000016637,263.000000013083,263.000000017138
"Patrik Hempel","Nokia",75,75.0000000145422,75.0000000108802,75.0000000147658
"Patrik Hempel","Nokia",366,366.000000017571,366.000000014247,366.000000018283
"Patrik Hempel","Nokia",363,363.000000015019,363.000000012307,363.00000001587
"Patrik Hempel","Nokia",702,702.000000014872,702.000000013518,702.000000016516
"Patrik Hempel","Nokia",645,645.000000016779,645.000000013341,645.000000017361
"Patrik Iglesias","Android",61,61.0000000151359,61.0000000111646,61.0000000152408
"Patrik Iglesias","Android",891,891.000000015594,891.000000012686,891.000000016386
"Patrik Iglesias","Android",259,259.000000016999,259.000000013546,259.000000017591
"Patrik Iglesias","Android",496,496.000000015827,496.000000012013,496.000000016099
"Patrik Iglesias","Android",694,694.000000014981,694.000000011944,694.000000015633
"Patrik Iglesias","Android",832,832.000000016425,832.000000013974,832.000000017565
"Patrik Iglesias","Android",73,73.0000000152485,73.0000000121197,73.0000000158738
"Patrik Iglesias","Android",306,306.00000001433,306.000000011778,306.000000015198
"Patrik Iglesias","Android",603,603.000000015598,603.000000012344,603.000000016184
"Patrik Iglesias","Android",368,368.000000014875,368.000000011665,368.000000015411
"Patrik Jonasson","Android",465,465.000000014431,465.000000012405,465.000000015628
"Patrik Jonasson","Android",584,584.000000017048,584.000000012501,584.000000016984
"Patrik Jonasson","Android",651,651.000000014199,651.000000011642,651.000000015049
"Patrik Jonasson","Android",798,798.000000016685,798.000000014236,798.000000017847
"Patrik Jonasson","Android",390,390.000000015709,390.000000012204,390.000000016155
"Patrik Jonasson","Android",548,548.000000016452,548.000000011977,548.000000016382
"Patrik Jonasson","Android",426,426.000000014869,426.00000001325,426.000000016356
"Patrik Jonasson","Android",62,62.0000000164339,62.0000000128913,62.0000000169244
"Patrik Jonasson","Android",925,925.000000015616,925.000000011336,925.000000015585
"Patrik Jonasson","Android",568,568.00000001515,568.000000012048,568.000000015781
"Patrik Kvistgren","Android",545,545.000000015637,545.000000013007,545.000000016599
"Patrik Kvistgren","Android",206,206.000000014647,206.000000012648,206.000000015884
"Patrik Kvistgren","Android",382,382.000000017499,382.000000013939,382.000000018065
"Patrik Kvistgren","Android",10,10.00000001603,10.0000000131847,10.0000000169012
"Patrik Kvistgren","Android",33,33.0000000161246,33.0000000126367,33.0000000166203
"Patrik Kvistgren","Android",946,946.00000001457,946.00000001096,946.000000014828
"Patrik Kvistgren","Android",890,890.000000014005,890.000000011109,890.000000014625
"Patrik Kvistgren","Android",361,361.00000001597,361.000000013211,361.000000016887
"Patrik Kvistgren","Android",284,284.000000016468,284.000000013401,284.000000017245
"Patrik Kvistgren","Android",988,988.000000015166,988.000000013,988.000000016358
"Patrik Larsson","BatPhone",515,515.000000015574,515.000000012768,515.000000016426
"Patrik Larsson","BatPhone",901,901.000000017475,901.000000014638,901.00000001847
"Patrik Larsson","BatPhone",963,963.000000016438,963.000000013333,963.00000001719
"Patrik Larsson","BatPhone",440,440.000000014728,440.000000011856,440.000000015451
"Patrik Larsson","BatPhone",23,23.0000000155333,23.0000000136187,23.0000000169107
"Patrik Larsson","BatPhone",655,655.000000015353,655.000000013391,655.000000016685
"Patrik Larsson","BatPhone",745,745.000000016493,745.000000011999,745.000000016415
"Patrik Larsson","BatPhone",435,435.000000015416,435.00000001141,435.00000001553
"Patrik Larsson","BatPhone",396,396.000000015643,396.00000001234,396.000000016204
"Patrik Larsson","BatPhone",490,490.000000014053,490.000000011146,490.000000014673
"Patrik Moss","iPhone",184,184.000000014435,184.000000011221,184.000000014918
"Patrik Moss","iPhone",910,910.000000017711,910.000000014621,910.000000018572
"Patrik Moss","iPhone",433,433.000000016602,433.000000012218,433.0000000166
"Patrik Moss","iPhone",850,850.000000017033,850.000000013109,850.000000017344
"Patrik Moss","iPhone",509,509.000000015744,509.000000013759,509.000000017099
"Patrik Moss","iPhone",682,682.000000017178,682.000000014329,682.000000018143
"Patrik Moss","iPhone",801,801.000000016479,801.000000014041,801.000000017631
"Patrik Moss","iPhone",712,712.000000015354,712.000000011831,712.000000015753
"Patrik Moss","iPhone",669,669.00000001591,669.000000013949,669.000000017295
"Patrik Moss","iPhone",428,428.00000001462,428.000000012759,428.000000015936
"Patrik Nilsson","BatPhone",976,976.000000014778,976.000000011571,976.000000015304
"Patrik Nilsson","BatPhone",512,512.000000016422,512.000000012599,512.000000016743
"Patrik Nilsson","BatPhone",173,173.000000015643,173.000000013239,173.000000016741
"Patrik Nilsson","BatPhone",679,679.00000001401,679.000000011433,679.000000014824
"Patrik Nilsson","BatPhone",603,603.000000014857,603.000000013449,603.000000016467
"Patrik Nilsson","BatPhone",795,795.000000014936,795.00000001176,795.0000000155
"Patrik Nilsson","BatPhone",299,299.000000016213,299.000000012689,299.000000016695
"Patrik Nilsson","BatPhone",445,445.000000014229,445.000000011948,445.000000015249
"Patrik Nilsson","BatPhone",398,398.000000014138,398.000000011233,398.00000001477
"Patrik Nilsson","BatPhone",383,383.000000017355,383.00000001459,383.000000018383
"Patrik Numanovic","iPhone",726,726.000000017463,726.000000014355,726.000000018296
"Patrik Numanovic","iPhone",923,923.000000016685,923.000000013973,923.000000017692
"Patrik Numanovic","iPhone",246,246.000000016807,246.000000012428,246.000000016826
"Patrik Numanovic","iPhone",784,784.000000014996,784.000000013602,784.000000016628
"Patrik Numanovic","iPhone",355,355.000000016718,355.000000012856,355.000000017041
"Patrik Numanovic","iPhone",208,208.000000015741,208.000000013184,208.000000016757
"Patrik Numanovic","iPhone",902,902.00000001689,902.000000012622,902.000000016983
"Patrik Numanovic","iPhone",399,399.000000013967,399.00000001129,399.000000014715
"Patrik Numanovic","iPhone",335,335.000000016986,335.00000001304,335.000000017281
"Patrik Numanovic","iPhone",914,914.000000015917,914.000000013751,914.000000017181
"Patrik Wayne","Nokia",993,993.000000014461,993.000000011281,993.000000014967
"Patrik Wayne","Nokia",570,570.000000016273,570.000000012137,570.000000016392
"Patrik Wayne","Nokia",993,993.000000013917,993.000000011068,993.000000014554
"Patrik Wayne","Nokia",628,628.000000016286,628.000000013861,628.000000017429
"Patrik Wayne","Nokia",151,151.000000015905,151.000000013686,151.000000017137
"Patrik Wayne","Nokia",443,443.000000016708,443.000000013029,443.000000017141
"Patrik Wayne","Nokia",513,513.000000015326,513.000000012298,513.00000001602
"Patrik Wayne","Nokia",988,988.0000000156,988.000000011979,988.000000015965
"Patrik Wayne","Nokia",961,961.000000014416,961.000000011126,961.00000001485
"Patrik Wayne","Nokia",528,528.000000016694,528.000000012165,528.000000016612
"Peter Grenkvist","Nokia",829,829.000000016222,829.000000012411,829.000000016532
"Peter Grenkvist","Nokia",752,752.000000015963,752.0000000127,752.000000016578
"Peter Grenkvist","Nokia",879,879.00000001673,879.000000014208,879.000000017853
"Peter Grenkvist","Nokia",320,320.000000016123,320.000000011995,320.000000016233
"Peter Grenkvist","Nokia",829,829.000000016677,829.000000014271,829.000000017864
"Peter Grenkvist","Nokia",416,416.000000015683,416.000000013217,416.000000016747
"Peter Grenkvist","Nokia",156,156.000000015003,156.000000011165,156.000000015174
"Peter Grenkvist","Nokia",310,310.000000014903,310.000000011517,310.000000015336
"Peter Grenkvist","Nokia",521,521.000000015086,521.000000012865,521.000000016238
"Peter Grenkvist","Nokia",520,520.000000017077,520.000000012489,520.000000016991
"Peter Grenkvistgren","BatPhone",996,996.000000014671,996.000000011139,996.000000014989
"Peter Grenkvistgren","BatPhone",150,150.000000014711,150.000000012857,150.000000016041
"Peter Grenkvistgren","BatPhone",3,3.00000001570419,3.00000001173966,3.00000001587277
"Peter Grenkvistgren","BatPhone",597,597.00000001656,597.000000013051,597.000000017082
"Peter Grenkvistgren","BatPhone",333,333.000000014318,333.000000010837,333.000000014624
"Peter Grenkvistgren","BatPhone",723,723.000000016026,723.000000012257,723.000000016343
"Peter Grenkvistgren","BatPhone",668,668.000000017616,668.000000014576,668.0000000185
"Peter Grenkvistgren","BatPhone",633,633.000000016343,633.000000012402,633.000000016586
"Peter Grenkvistgren","BatPhone",275,275.000000015352,275.000000011952,275.000000015825
"Peter Grenkvistgren","BatPhone",744,744.000000015754,744.000000013662,744.000000017047
"Peter Hempel","Nokia",502,502.000000015058,502.000000011941,502.00000001567
"Peter Hempel","Nokia",641,641.000000016167,641.000000013383,641.000000017087
"Peter Hempel","Nokia",15,15.0000000166258,15.0000000133718,15.0000000173054
"Peter Hempel","Nokia",605,605.000000016669,605.000000014322,605.00000001789
"Peter Hempel","Nokia",811,811.000000017713,811.000000014466,811.000000018481
"Peter Hempel","Nokia",304,304.000000016721,304.000000012244,304.000000016673
"Peter Hempel","Nokia",469,469.000000014664,469.000000012567,469.000000015844
"Peter Hempel","Nokia",904,904.000000014794,904.000000011528,904.000000015287
"Peter Hempel","Nokia",66,66.0000000157868,66.0000000120655,66.0000000161102
"Peter Hempel","Nokia",52,52.0000000151167,52.0000000131151,52.0000000164016
"Peter Iglesias","Android",982,982.000000015564,982.000000012587,982.000000016313
"Peter Iglesias","Android",121,121.000000015935,121.000000012417,121.000000016395
"Peter Iglesias","Android",980,980.000000014899,980.000000012717,980.000000016053
"Peter Iglesias","Android",98,98.0000000150161,98.0000000114616,98.0000000153599
"Peter Iglesias","Android",908,908.000000014679,908.00000001128,908.000000015079
"Peter Iglesias","Android",381,381.000000015907,381.000000012672,381.000000016534
"Peter Iglesias","Android",296,296.000000015914,296.000000013315,296.000000016921
"Peter Iglesias","Android",768,768.000000017485,768.000000013816,768.000000017984
"Peter Iglesias","Android",143,143.000000015664,143.00000001355,143.000000016936
"Peter Iglesias","Android",162,162.000000015127,162.000000013631,162.000000016713
"Peter Jonasson","Android",336,336.000000016705,336.000000012705,336.000000016944
"Peter Jonasson","Android",721,721.000000014838,721.000000011668,721.000000015394
"Peter Jonasson","Android",602,602.000000016093,602.000000012887,602.000000016754
"Peter Jonasson","Android",55,55.0000000173265,55.000000013224,55.0000000175535
"Peter Jonasson","Android",487,487.00000001503,487.000000012056,487.000000015725
"Peter Jonasson","Android",761,761.000000014973,761.000000012637,761.000000016044
"Peter Jonasson","Android",200,200.000000016859,200.000000013603,200.000000017557
"Peter Jonasson","Android",29,29.000000015409,29.0000000112024,29.0000000154008
"Peter Jonasson","Android",435,435.000000015598,435.000000011479,435.000000015662
"Peter Jonasson","Android",472,472.000000016796,472.00000001314,472.000000017249
"Peter Kvistgren","Android",834,834.000000017614,834.00000001439,834.000000018389
"Peter Kvistgren","Android",799,799.000000015148,799.000000011137,799.00000001523
"Peter Kvistgren","Android",638,638.000000016756,638.000000012388,638.000000016777
"Peter Kvistgren","Android",243,243.00000001441,243.000000012257,243.000000015528
"Peter Kvistgren","Android",685,685.00000001547,685.00000001368,685.000000016915
"Peter Kvistgren","Android",653,653.000000014981,653.000000011597,653.000000015424
"Peter Kvistgren","Android",180,180.000000014849,180.000000012777,180.000000016064
"Peter Kvistgren","Android",510,510.000000016886,510.000000013541,510.000000017533
"Peter Kvistgren","Android",435,435.000000016727,435.000000012175,435.000000016634
"Peter Kvistgren","Android",323,323.000000014816,323.000000013446,323.000000016445
"Peter Larsson","BatPhone",144,144.000000015547,144.000000012633,144.000000016331
"Peter Larsson","BatPhone",506,506.000000015586,506.000000011344,506.000000015575
"Peter Larsson","BatPhone",400,400.000000015299,400.00000001231,400.000000016013
"Peter Larsson","BatPhone",606,606.000000015486,606.000000013718,606.000000016946
"Peter Larsson","BatPhone",821,821.000000015598,821.000000013042,821.000000016601
"Peter Larsson","BatPhone",1000,1000.00000001604,1000.00000001379,1000.00000001726
"Peter Larsson","BatPhone",32,32.0000000151304,32.0000000136979,32.0000000167535
"Peter Larsson","BatPhone",913,913.000000016314,913.000000014078,913.000000017571
"Peter Larsson","BatPhone",726,726.000000017381,726.000000014236,726.000000018185
"Peter Larsson","BatPhone",585,585.000000016201,585.000000013682,585.000000017281
"Peter Moss","iPhone",18,18.0000000168051,18.0000000134007,18.0000000174098
"Peter Moss","iPhone",951,951.000000015673,951.000000013944,951.000000017173
"Peter Moss","iPhone",315,315.000000015728,315.000000013394,315.000000016875
"Peter Moss","iPhone",413,413.000000013995,413.000000010655,413.000000014344
"Peter Moss","iPhone",904,904.000000014611,904.000000011067,904.000000014915
"Peter Moss","iPhone",790,790.000000017101,790.000000013697,790.000000017729
"Peter Moss","iPhone",824,824.000000017084,824.000000014468,824.000000018179
"Peter Moss","iPhone",767,767.000000014798,767.000000013363,767.000000016386
"Peter Moss","iPhone",27,27.0000000152508,27.0000000134937,27.000000016694
"Peter Moss","iPhone",33,33.0000000146123,33.0000000120285,33.0000000154952
"Peter Nilsson","BatPhone",188,188.000000014255,188.000000010862,188.000000014606
"Peter Nilsson","BatPhone",922,922.000000016016,922.000000011632,922.000000015961
"Peter Nilsson","BatPhone",956,956.000000015608,956.000000012824,956.000000016476
"Peter Nilsson","BatPhone",565,565.000000016019,565.000000011864,565.000000016103
"Peter Nilsson","BatPhone",23,23.0000000164332,23.0000000130837,23.0000000170393
"Peter Nilsson","BatPhone",996,996.000000016406,996.000000011842,996.000000016277
"Peter Nilsson","BatPhone",551,551.000000016133,551.000000013857,551.000000017351
"Peter Nilsson","BatPhone",208,208.000000016765,208.000000012827,208.000000017046
"Peter Nilsson","BatPhone",843,843.000000015706,843.000000013172,843.000000016733
"Peter Nilsson","BatPhone",914,914.000000017278,914.000000013731,914.000000017835
"Peter Numanovic","iPhone",326,326.000000015279,326.000000011519,326.000000015527
"Peter Numanovic","iPhone",775,775.000000017006,775.000000013365,775.000000017485
"Peter Numanovic","iPhone",8,8.00000001636408,8.00000001322835,8.00000001709188
"Peter Numanovic","iPhone",100,100.000000016997,100.000000012019,100.000000016667
"Peter Numanovic","iPhone",201,201.00000001658,201.00000001343,201.000000017318
"Peter Numanovic","iPhone",257,257.000000015702,257.000000013105,257.000000016691
"Peter Numanovic","iPhone",522,522.000000014538,522.000000011557,522.000000015173
"Peter Numanovic","iPhone",295,295.000000015724,295.000000012416,295.00000001629
"Peter Numanovic","iPhone",134,134.00000001652,134.000000013107,134.000000017096
"Peter Numanovic","iPhone",210,210.00000001502,210.000000012062,210.000000015723
"Peter Wayne","iPhone",1,1.00000001617562,1.00000001259646,1.00000001662118
"Peter Wayne","iPhone",460,460.000000016872,460.000000012405,460.000000016843
"Peter Wayne","iPhone",671,671.000000014059,671.000000011039,671.000000014611
"Peter Wayne","iPhone",369,369.000000013999,369.000000010843,369.000000014461
"Peter Wayne","iPhone",504,504.000000016713,504.000000012052,504.000000016553
"Peter Wayne","iPhone",659,659.00000001616,659.000000012219,659.000000016387
"Peter Wayne","iPhone",559,559.00000001571,559.000000012909,559.000000016578
"Peter Wayne","iPhone",129,129.0000000176,129.000000014183,129.000000018258
"Peter Wayne","iPhone",495,495.000000016891,495.00000001372,495.000000017642
"Peter Wayne","iPhone",984,984.000000015982,984.000000012528,984.000000016484
